Insertions	125000	250000	375000	500000	625000	750000	875000	1000000		CacheStats	Disk Usage (MB)	Uncompressed Size (MB)	Compression Ratio	Parition Count	Serialization Time (%)	Disk Write Time (%)		Contains	200000	400000	600000	800000	1000000	1200000	1400000	1600000		PrefixSearches	100000	200000	300000	400000	500000	600000	700000	800000	TotalResults		Removals	93750	187500	281250	375000	468750	562500	656250	750000	
PatTrie-Seq-EvenSplits-3000-rawIteration0	0.41	0.68	1.04	1.38	1.74	2.12	2.49	2.85		PatTrie-Seq-EvenSplits-3000-rawIteration0	1.26	161.84	0.008	1000.0	0.08	0.09		PatTrie-Seq-EvenSplits-3000-rawIteration0	1.37	2.74	4.03	5.32	6.48	7.74	9.04	10.31		PatTrie-Seq-EvenSplits-3000-rawIteration0	10.12	20.06	29.84	39.19	48.74	58.17	67.78	77.16	8.0E7		PatTrie-Seq-EvenSplits-3000-rawIteration0	0.54	1.0	1.47	1.9	2.35	2.79	3.22	3.62	
PatTrie-Seq-EvenSplits-3000-rawIteration1	0.28	0.56	0.89	1.23	1.6	1.98	2.35	2.71		PatTrie-Seq-EvenSplits-3000-rawIteration1	1.26	161.84	0.008	1000.0	0.074	0.089		PatTrie-Seq-EvenSplits-3000-rawIteration1	1.24	2.54	3.79	5.06	6.21	7.46	8.73	9.98		PatTrie-Seq-EvenSplits-3000-rawIteration1	9.25	18.65	28.0	37.26	46.57	56.2	65.45	74.76	8.0E7		PatTrie-Seq-EvenSplits-3000-rawIteration1	0.49	0.96	1.42	1.86	2.32	2.77	3.2	3.62	
PatTrie-Seq-EvenSplits-3000-rawIteration2	0.25	0.52	0.86	1.22	1.58	1.97	2.33	2.71		PatTrie-Seq-EvenSplits-3000-rawIteration2	1.26	161.84	0.008	1000.0	0.083	0.094		PatTrie-Seq-EvenSplits-3000-rawIteration2	1.31	2.59	3.85	5.12	6.26	7.52	8.84	10.1		PatTrie-Seq-EvenSplits-3000-rawIteration2	9.23	18.61	27.81	37.27	46.5	56.11	65.35	74.72	8.0E7		PatTrie-Seq-EvenSplits-3000-rawIteration2	0.49	0.96	1.42	1.87	2.32	2.77	3.2	3.61	
PatTrie-Seq-EvenSplits-6000-rawIteration0	0.23	0.51	0.83	1.16	1.5	1.87	2.22	2.63		PatTrie-Seq-EvenSplits-6000-rawIteration0	1.0	161.72	0.006	500.0	0.069	0.075		PatTrie-Seq-EvenSplits-6000-rawIteration0	1.24	2.49	3.71	4.97	6.1	7.35	8.6	9.84		PatTrie-Seq-EvenSplits-6000-rawIteration0	8.99	18.13	27.32	36.49	45.5	54.48	63.57	72.63	8.0E7		PatTrie-Seq-EvenSplits-6000-rawIteration0	0.5	0.96	1.42	1.86	2.32	2.75	3.17	3.57	
PatTrie-Seq-EvenSplits-6000-rawIteration1	0.24	0.52	0.86	1.19	1.54	1.94	2.28	2.63		PatTrie-Seq-EvenSplits-6000-rawIteration1	1.0	161.72	0.006	500.0	0.064	0.059		PatTrie-Seq-EvenSplits-6000-rawIteration1	1.23	2.48	3.73	5.01	6.12	7.37	8.62	9.85		PatTrie-Seq-EvenSplits-6000-rawIteration1	8.79	18.0	26.73	35.82	44.56	53.61	62.71	71.6	8.0E7		PatTrie-Seq-EvenSplits-6000-rawIteration1	0.47	0.92	1.37	1.79	2.24	2.66	3.08	3.46	
PatTrie-Seq-EvenSplits-6000-rawIteration2	0.24	0.51	0.83	1.15	1.49	1.85	2.21	2.57		PatTrie-Seq-EvenSplits-6000-rawIteration2	1.0	161.72	0.006	500.0	0.067	0.053		PatTrie-Seq-EvenSplits-6000-rawIteration2	1.22	2.48	3.77	5.08	6.18	7.41	8.66	9.9		PatTrie-Seq-EvenSplits-6000-rawIteration2	8.79	17.85	26.67	35.72	44.59	53.65	62.75	71.71	8.0E7		PatTrie-Seq-EvenSplits-6000-rawIteration2	0.48	0.93	1.38	1.8	2.24	2.66	3.08	3.47	
PatTrie-Seq-EvenSplits-12000-rawIteration0	0.28	0.65	1.1	1.53	2.07	2.61	3.08	3.69		PatTrie-Seq-EvenSplits-12000-rawIteration0	0.96	161.65	0.006	260.0	0.035	0.024		PatTrie-Seq-EvenSplits-12000-rawIteration0	1.57	3.3	5.26	6.99	8.61	10.14	11.94	13.88		PatTrie-Seq-EvenSplits-12000-rawIteration0	9.0	18.33	27.98	37.42	46.77	55.99	65.33	74.54	8.0E7		PatTrie-Seq-EvenSplits-12000-rawIteration0	0.55	1.2	1.94	2.57	3.36	4.08	4.71	5.38	
PatTrie-Seq-EvenSplits-12000-rawIteration1	0.28	0.65	1.1	1.54	2.08	2.62	3.09	3.7		PatTrie-Seq-EvenSplits-12000-rawIteration1	0.96	161.65	0.006	260.0	0.038	0.019		PatTrie-Seq-EvenSplits-12000-rawIteration1	1.51	3.23	5.15	6.89	8.51	10.04	11.76	13.69		PatTrie-Seq-EvenSplits-12000-rawIteration1	8.98	18.37	27.49	36.68	45.89	55.11	64.5	73.64	8.0E7		PatTrie-Seq-EvenSplits-12000-rawIteration1	0.55	1.2	1.92	2.54	3.31	4.02	4.64	5.31	
PatTrie-Seq-EvenSplits-12000-rawIteration2	0.29	0.65	1.11	1.54	2.17	2.7	3.18	3.79		PatTrie-Seq-EvenSplits-12000-rawIteration2	0.96	161.65	0.006	260.0	0.037	0.035		PatTrie-Seq-EvenSplits-12000-rawIteration2	1.52	3.24	5.14	6.87	8.48	10.06	11.81	13.74		PatTrie-Seq-EvenSplits-12000-rawIteration2	9.03	18.3	27.39	36.69	45.79	55.06	64.39	73.44	8.0E7		PatTrie-Seq-EvenSplits-12000-rawIteration2	0.55	1.19	1.92	2.54	3.3	4.0	4.62	5.27	
PatTrie-Seq-4MinDepth-3000-rawIteration0	0.26	0.59	1.03	1.49	1.99	2.6	3.08	3.56		PatTrie-Seq-4MinDepth-3000-rawIteration0	2.16	162.09	0.013	2763.0	0.083	0.159		PatTrie-Seq-4MinDepth-3000-rawIteration0	1.75	3.38	5.03	6.69	8.1	9.92	11.56	13.2		PatTrie-Seq-4MinDepth-3000-rawIteration0	10.63	21.48	32.51	43.38	54.33	65.43	76.47	87.17	8.0E7		PatTrie-Seq-4MinDepth-3000-rawIteration0	0.85	1.48	2.11	2.69	3.32	3.9	4.47	5.09	
PatTrie-Seq-4MinDepth-3000-rawIteration1	0.26	0.59	1.03	1.5	1.99	2.59	3.09	3.57		PatTrie-Seq-4MinDepth-3000-rawIteration1	2.16	162.09	0.013	2763.0	0.093	0.15		PatTrie-Seq-4MinDepth-3000-rawIteration1	1.76	3.38	5.02	6.65	8.14	10.0	11.71	13.37		PatTrie-Seq-4MinDepth-3000-rawIteration1	10.67	21.66	32.6	43.61	54.56	65.45	76.39	87.17	8.0E7		PatTrie-Seq-4MinDepth-3000-rawIteration1	0.82	1.45	2.06	2.71	3.31	3.92	4.48	5.11	
PatTrie-Seq-4MinDepth-3000-rawIteration2	0.26	0.58	1.02	1.53	2.01	2.6	3.07	3.64		PatTrie-Seq-4MinDepth-3000-rawIteration2	2.16	162.09	0.013	2763.0	0.073	0.201		PatTrie-Seq-4MinDepth-3000-rawIteration2	1.79	3.46	5.1	6.73	8.18	10.04	11.67	13.32		PatTrie-Seq-4MinDepth-3000-rawIteration2	10.67	21.61	32.56	43.48	54.41	65.38	76.42	87.35	8.0E7		PatTrie-Seq-4MinDepth-3000-rawIteration2	0.83	1.46	2.07	2.68	3.31	3.91	4.49	5.11	
PatTrie-Seq-4MinDepth-6000-rawIteration0	0.24	0.55	0.94	1.35	1.78	2.25	2.87	3.29		PatTrie-Seq-4MinDepth-6000-rawIteration0	1.45	161.83	0.009	1364.0	0.064	0.126		PatTrie-Seq-4MinDepth-6000-rawIteration0	1.54	2.98	4.52	5.94	7.27	8.86	10.35	11.88		PatTrie-Seq-4MinDepth-6000-rawIteration0	9.8	20.06	29.74	39.97	49.58	59.51	69.15	79.12	8.0E7		PatTrie-Seq-4MinDepth-6000-rawIteration0	0.61	1.22	1.76	2.28	2.8	3.32	3.82	4.36	
PatTrie-Seq-4MinDepth-6000-rawIteration1	0.24	0.56	0.96	1.36	1.79	2.26	2.79	3.21		PatTrie-Seq-4MinDepth-6000-rawIteration1	1.45	161.83	0.009	1364.0	0.089	0.1		PatTrie-Seq-4MinDepth-6000-rawIteration1	1.56	3.03	4.57	6.01	7.33	8.96	10.44	12.0		PatTrie-Seq-4MinDepth-6000-rawIteration1	9.56	19.5	29.11	38.99	48.58	58.46	68.16	78.12	8.0E7		PatTrie-Seq-4MinDepth-6000-rawIteration1	0.64	1.24	1.78	2.29	2.84	3.35	3.86	4.4	
PatTrie-Seq-4MinDepth-6000-rawIteration2	0.24	0.54	0.95	1.36	1.79	2.27	2.78	3.21		PatTrie-Seq-4MinDepth-6000-rawIteration2	1.45	161.83	0.009	1364.0	0.067	0.103		PatTrie-Seq-4MinDepth-6000-rawIteration2	1.56	3.01	4.56	5.96	7.29	8.89	10.35	11.9		PatTrie-Seq-4MinDepth-6000-rawIteration2	9.57	19.48	29.18	39.09	48.75	58.72	68.3	77.99	8.0E7		PatTrie-Seq-4MinDepth-6000-rawIteration2	0.61	1.23	1.76	2.27	2.8	3.32	3.82	4.33	
PatTrie-Seq-4MinDepth-12000-rawIteration0	0.24	0.57	0.94	1.31	1.74	2.17	2.58	3.05		PatTrie-Seq-4MinDepth-12000-rawIteration0	1.1	161.72	0.007	661.0	0.049	0.058		PatTrie-Seq-4MinDepth-12000-rawIteration0	1.5	2.86	4.33	5.72	6.98	8.52	9.92	11.39		PatTrie-Seq-4MinDepth-12000-rawIteration0	9.17	18.36	27.65	37.02	46.35	55.55	64.65	73.93	8.0E7		PatTrie-Seq-4MinDepth-12000-rawIteration0	0.56	1.13	1.62	2.09	2.56	3.03	3.49	3.96	
PatTrie-Seq-4MinDepth-12000-rawIteration1	0.24	0.54	1.03	1.39	1.81	2.24	2.64	3.12		PatTrie-Seq-4MinDepth-12000-rawIteration1	1.1	161.72	0.007	661.0	0.053	0.091		PatTrie-Seq-4MinDepth-12000-rawIteration1	1.5	2.85	4.31	5.73	6.98	8.52	9.94	11.43		PatTrie-Seq-4MinDepth-12000-rawIteration1	9.24	18.47	27.62	36.91	46.22	55.39	64.58	74.09	8.0E7		PatTrie-Seq-4MinDepth-12000-rawIteration1	0.57	1.14	1.63	2.1	2.57	3.05	3.51	4.0	
PatTrie-Seq-4MinDepth-12000-rawIteration2	0.24	0.54	0.91	1.28	1.68	2.11	2.52	3.0		PatTrie-Seq-4MinDepth-12000-rawIteration2	1.1	161.72	0.007	661.0	0.055	0.053		PatTrie-Seq-4MinDepth-12000-rawIteration2	1.51	2.87	4.33	5.73	7.02	8.58	9.98	11.47		PatTrie-Seq-4MinDepth-12000-rawIteration2	9.15	18.28	27.66	37.11	46.45	55.62	64.82	74.24	8.0E7		PatTrie-Seq-4MinDepth-12000-rawIteration2	0.58	1.16	1.65	2.11	2.59	3.06	3.51	3.99	
PatTrie-Word-EvenSplits-50-rawIteration0	1.54	3.0	5.66	10.22	18.85	26.78	33.42	37.73		PatTrie-Word-EvenSplits-50-rawIteration0	22.4	155.1	0.144	55873.0	0.054	0.543		PatTrie-Word-EvenSplits-50-rawIteration0	3.73	6.46	9.18	11.8	14.55	17.2	19.74	22.34		PatTrie-Word-EvenSplits-50-rawIteration0	19.96	39.28	59.01	78.5	98.28	116.72	136.19	155.54	1.60779811E8		PatTrie-Word-EvenSplits-50-rawIteration0	4.18	8.86	13.34	17.44	23.36	28.24	32.68	38.4	
PatTrie-Word-EvenSplits-50-rawIteration1	1.47	2.94	5.48	9.66	18.76	25.96	32.67	36.97		PatTrie-Word-EvenSplits-50-rawIteration1	22.4	155.1	0.144	55873.0	0.051	0.541		PatTrie-Word-EvenSplits-50-rawIteration1	3.77	6.44	9.07	11.66	14.29	16.84	19.4	22.01		PatTrie-Word-EvenSplits-50-rawIteration1	19.84	39.51	59.17	78.76	98.58	117.04	136.48	155.76	1.60779811E8		PatTrie-Word-EvenSplits-50-rawIteration1	3.7	7.32	12.58	17.48	21.99	26.24	31.26	36.44	
PatTrie-Word-EvenSplits-50-rawIteration2	1.45	2.94	5.48	9.94	18.29	25.46	32.74	37.05		PatTrie-Word-EvenSplits-50-rawIteration2	22.4	155.1	0.144	55873.0	0.052	0.546		PatTrie-Word-EvenSplits-50-rawIteration2	3.77	6.43	9.03	11.62	14.26	16.84	19.37	21.96		PatTrie-Word-EvenSplits-50-rawIteration2	19.79	39.21	59.15	78.71	98.62	116.99	136.41	155.76	1.60779811E8		PatTrie-Word-EvenSplits-50-rawIteration2	3.72	7.43	11.82	16.49	21.32	25.52	30.24	36.49	
PatTrie-Word-EvenSplits-100-rawIteration0	1.46	2.97	5.11	8.25	14.72	20.77	26.33	28.88		PatTrie-Word-EvenSplits-100-rawIteration0	15.63	148.78	0.105	28003.0	0.043	0.389		PatTrie-Word-EvenSplits-100-rawIteration0	3.48	6.21	9.02	11.81	14.75	17.56	20.34	23.18		PatTrie-Word-EvenSplits-100-rawIteration0	18.1	36.0	54.29	72.34	90.88	107.87	125.9	143.9	1.60779811E8		PatTrie-Word-EvenSplits-100-rawIteration0	2.57	5.27	8.52	11.23	14.68	18.14	20.73	23.83	
PatTrie-Word-EvenSplits-100-rawIteration1	1.46	2.96	5.05	8.18	14.26	20.93	26.13	28.64		PatTrie-Word-EvenSplits-100-rawIteration1	15.63	148.78	0.105	28003.0	0.046	0.376		PatTrie-Word-EvenSplits-100-rawIteration1	3.44	6.17	8.97	11.76	14.58	17.39	20.1	23.04		PatTrie-Word-EvenSplits-100-rawIteration1	18.22	36.14	54.44	72.58	91.11	108.0	126.05	144.07	1.60779811E8		PatTrie-Word-EvenSplits-100-rawIteration1	2.88	5.57	8.45	11.45	14.7	17.45	20.55	23.12	
PatTrie-Word-EvenSplits-100-rawIteration2	1.51	3.03	5.13	8.59	15.12	21.37	27.16	30.58		PatTrie-Word-EvenSplits-100-rawIteration2	15.63	148.78	0.105	28003.0	0.042	0.377		PatTrie-Word-EvenSplits-100-rawIteration2	3.49	6.2	8.98	11.77	14.62	17.4	20.12	22.97		PatTrie-Word-EvenSplits-100-rawIteration2	18.1	36.12	54.41	72.65	91.11	108.0	126.19	144.27	1.60779811E8		PatTrie-Word-EvenSplits-100-rawIteration2	3.05	5.82	8.94	12.05	15.31	18.27	21.47	23.99	
PatTrie-Word-EvenSplits-200-rawIteration0	1.36	2.77	4.62	7.33	12.53	17.57	21.7	24.71		PatTrie-Word-EvenSplits-200-rawIteration0	11.85	145.88	0.081	13843.0	0.036	0.313		PatTrie-Word-EvenSplits-200-rawIteration0	3.54	6.57	9.81	13.01	16.34	19.71	22.79	26.08		PatTrie-Word-EvenSplits-200-rawIteration0	17.76	35.54	53.63	71.36	89.66	106.1	123.98	141.77	1.60779811E8		PatTrie-Word-EvenSplits-200-rawIteration0	2.3	4.51	6.76	9.14	11.65	14.07	16.38	18.56	
PatTrie-Word-EvenSplits-200-rawIteration1	1.37	2.82	4.71	7.31	12.8	17.77	22.24	25.72		PatTrie-Word-EvenSplits-200-rawIteration1	11.85	145.88	0.081	13843.0	0.038	0.292		PatTrie-Word-EvenSplits-200-rawIteration1	3.58	6.64	9.87	13.08	16.49	19.8	22.89	26.15		PatTrie-Word-EvenSplits-200-rawIteration1	17.76	35.48	53.56	71.31	89.81	106.28	124.05	141.98	1.60779811E8		PatTrie-Word-EvenSplits-200-rawIteration1	2.31	4.8	7.06	9.43	11.93	14.67	16.52	18.82	
PatTrie-Word-EvenSplits-200-rawIteration2	1.36	2.78	4.62	7.24	12.13	18.18	22.17	24.85		PatTrie-Word-EvenSplits-200-rawIteration2	11.85	145.88	0.081	13843.0	0.04	0.267		PatTrie-Word-EvenSplits-200-rawIteration2	3.55	6.59	9.85	13.04	16.37	19.68	22.73	26.05		PatTrie-Word-EvenSplits-200-rawIteration2	17.85	35.63	53.72	71.56	89.94	106.44	124.32	142.21	1.60779811E8		PatTrie-Word-EvenSplits-200-rawIteration2	2.3	4.55	6.77	9.17	11.66	14.18	16.13	18.57	
PatTrie-Word-4MinDepth-50-rawIteration0	1.38	2.82	6.08	12.13	22.8	30.4	41.74	49.74		PatTrie-Word-4MinDepth-50-rawIteration0	31.05	166.55	0.186	93563.0	0.06	1.045		PatTrie-Word-4MinDepth-50-rawIteration0	5.48	7.84	10.16	12.46	14.71	16.93	19.11	21.36		PatTrie-Word-4MinDepth-50-rawIteration0	22.36	43.41	64.86	86.19	107.88	128.26	149.46	170.55	1.60779811E8		PatTrie-Word-4MinDepth-50-rawIteration0	6.03	11.36	17.33	23.98	31.68	38.13	45.12	55.22	
PatTrie-Word-4MinDepth-50-rawIteration1	1.39	2.81	6.23	12.08	23.0	30.61	42.46	47.7		PatTrie-Word-4MinDepth-50-rawIteration1	31.05	166.55	0.186	93563.0	0.062	0.772		PatTrie-Word-4MinDepth-50-rawIteration1	12.38	14.78	17.11	19.37	21.67	23.87	26.09	28.46		PatTrie-Word-4MinDepth-50-rawIteration1	22.03	42.82	64.07	85.32	106.84	127.15	148.12	168.96	1.60779811E8		PatTrie-Word-4MinDepth-50-rawIteration1	5.34	10.25	17.06	22.84	30.56	37.0	44.06	53.82	
PatTrie-Word-4MinDepth-50-rawIteration2	1.4	2.83	6.29	12.6	22.35	30.81	41.53	48.36		PatTrie-Word-4MinDepth-50-rawIteration2	31.05	166.55	0.186	93563.0	0.059	0.687		PatTrie-Word-4MinDepth-50-rawIteration2	3.58	6.0	8.29	10.53	12.77	14.96	17.13	19.38		PatTrie-Word-4MinDepth-50-rawIteration2	21.87	42.75	64.06	85.26	106.72	126.94	148.66	169.59	1.60779811E8		PatTrie-Word-4MinDepth-50-rawIteration2	6.23	10.84	16.92	24.48	32.12	38.46	49.98	63.24	
PatTrie-Word-4MinDepth-100-rawIteration0	1.31	2.65	4.76	8.89	16.51	24.07	29.19	36.72		PatTrie-Word-4MinDepth-100-rawIteration0	18.6	154.95	0.12	40658.0	0.049	0.638		PatTrie-Word-4MinDepth-100-rawIteration0	3.11	5.41	7.77	10.09	12.52	14.82	17.12	19.43		PatTrie-Word-4MinDepth-100-rawIteration0	20.16	39.73	60.0	79.91	100.34	118.92	138.53	157.98	1.60779811E8		PatTrie-Word-4MinDepth-100-rawIteration0	2.47	6.22	9.17	12.31	15.52	18.46	22.34	25.66	
PatTrie-Word-4MinDepth-100-rawIteration1	1.31	2.62	4.77	8.85	16.75	23.9	29.92	32.72		PatTrie-Word-4MinDepth-100-rawIteration1	18.6	154.95	0.12	40658.0	0.058	0.508		PatTrie-Word-4MinDepth-100-rawIteration1	3.53	5.78	8.12	10.39	12.8	15.1	17.36	19.68		PatTrie-Word-4MinDepth-100-rawIteration1	19.73	39.06	58.7	78.18	98.13	116.34	136.17	156.05	1.60779811E8		PatTrie-Word-4MinDepth-100-rawIteration1	3.09	6.4	9.51	12.76	15.99	19.5	23.81	27.14	
PatTrie-Word-4MinDepth-100-rawIteration2	1.3	2.63	4.75	8.32	15.18	23.34	29.92	33.42		PatTrie-Word-4MinDepth-100-rawIteration2	18.6	154.95	0.12	40658.0	0.052	0.51		PatTrie-Word-4MinDepth-100-rawIteration2	3.09	5.42	7.77	10.13	12.52	14.75	16.9	19.1		PatTrie-Word-4MinDepth-100-rawIteration2	18.47	36.45	54.78	72.97	91.5	108.45	126.57	144.64	1.60779811E8		PatTrie-Word-4MinDepth-100-rawIteration2	2.37	5.51	9.05	12.26	15.89	18.85	22.53	26.6	
PatTrie-Word-4MinDepth-200-rawIteration0	1.26	2.49	4.09	6.65	11.52	16.52	20.35	22.58		PatTrie-Word-4MinDepth-200-rawIteration0	13.08	149.14	0.088	18655.0	0.045	0.326		PatTrie-Word-4MinDepth-200-rawIteration0	2.77	5.04	7.45	9.82	12.41	14.74	17.1	19.56		PatTrie-Word-4MinDepth-200-rawIteration0	17.22	34.55	52.21	69.59	87.26	103.33	120.56	138.03	1.60779811E8		PatTrie-Word-4MinDepth-200-rawIteration0	1.86	3.69	5.76	8.01	10.82	13.02	15.16	17.34	
PatTrie-Word-4MinDepth-200-rawIteration1	1.22	2.45	4.09	6.72	11.94	16.85	21.22	24.46		PatTrie-Word-4MinDepth-200-rawIteration1	13.08	149.14	0.088	18655.0	0.044	0.439		PatTrie-Word-4MinDepth-200-rawIteration1	2.84	5.15	7.55	9.91	12.48	14.84	17.18	19.63		PatTrie-Word-4MinDepth-200-rawIteration1	17.25	34.43	52.27	69.64	87.25	103.14	120.25	137.55	1.60779811E8		PatTrie-Word-4MinDepth-200-rawIteration1	1.89	3.72	5.78	8.05	10.35	13.07	15.05	17.71	
PatTrie-Word-4MinDepth-200-rawIteration2	1.23	2.47	4.19	6.71	11.69	17.01	20.41	24.26		PatTrie-Word-4MinDepth-200-rawIteration2	13.08	149.14	0.088	18655.0	0.041	0.347		PatTrie-Word-4MinDepth-200-rawIteration2	2.78	5.1	7.49	9.9	12.47	14.83	17.21	19.65		PatTrie-Word-4MinDepth-200-rawIteration2	17.26	34.31	51.76	69.0	86.54	102.64	119.91	137.28	1.60779811E8		PatTrie-Word-4MinDepth-200-rawIteration2	1.89	3.9	6.09	8.64	11.27	13.87	15.94	18.07	
PatTrie-Rand-EvenSplits-40-rawIteration0	1.99	4.13	10.72	34.05	72.29	122.45	185.53	270.4		PatTrie-Rand-EvenSplits-40-rawIteration0	25.94	164.3	0.158	65284.0	0.048	0.705		PatTrie-Rand-EvenSplits-40-rawIteration0	25.24	49.32	73.21	97.37	121.29	145.75	169.66	193.64		PatTrie-Rand-EvenSplits-40-rawIteration0	13.47	27.13	40.9	54.42	68.03	81.78	95.24	108.87	1569299.0		PatTrie-Rand-EvenSplits-40-rawIteration0	50.54	109.09	153.24	194.27	239.63	276.75	304.54	322.01	
PatTrie-Rand-EvenSplits-40-rawIteration1	2.02	4.23	10.5	35.5	75.24	130.47	197.34	278.37		PatTrie-Rand-EvenSplits-40-rawIteration1	25.93	164.21	0.158	65209.0	0.046	0.709		PatTrie-Rand-EvenSplits-40-rawIteration1	24.1	48.26	72.21	96.45	120.46	144.83	168.88	192.95		PatTrie-Rand-EvenSplits-40-rawIteration1	13.63	27.38	41.06	54.77	68.34	82.67	96.39	109.93	1568509.0		PatTrie-Rand-EvenSplits-40-rawIteration1	41.97	88.86	139.37	187.42	225.39	260.63	283.51	296.75	
PatTrie-Rand-EvenSplits-40-rawIteration2	1.97	4.16	9.86	35.03	76.12	127.99	189.69	274.16		PatTrie-Rand-EvenSplits-40-rawIteration2	25.96	164.46	0.158	65343.0	0.047	0.715		PatTrie-Rand-EvenSplits-40-rawIteration2	24.2	48.24	72.63	96.71	120.71	145.0	169.06	193.12		PatTrie-Rand-EvenSplits-40-rawIteration2	13.49	27.35	40.94	54.72	68.31	82.04	95.89	109.64	1569303.0		PatTrie-Rand-EvenSplits-40-rawIteration2	47.37	98.71	157.88	200.98	241.79	280.93	309.15	320.41	
PatTrie-Rand-EvenSplits-80-rawIteration0	1.74	3.77	7.8	27.27	59.01	108.11	172.14	249.73		PatTrie-Rand-EvenSplits-80-rawIteration0	18.52	159.37	0.116	33991.0	0.052	0.706		PatTrie-Rand-EvenSplits-80-rawIteration0	23.96	47.18	70.6	94.76	118.17	141.49	165.11	188.46		PatTrie-Rand-EvenSplits-80-rawIteration0	13.09	26.48	39.9	53.2	67.03	80.31	93.54	106.97	1569299.0		PatTrie-Rand-EvenSplits-80-rawIteration0	42.42	93.7	144.5	196.53	234.7	262.75	297.59	305.42	
PatTrie-Rand-EvenSplits-80-rawIteration1	1.81	3.87	7.85	27.96	62.63	108.23	176.61	246.63		PatTrie-Rand-EvenSplits-80-rawIteration1	18.53	159.42	0.116	33998.0	0.054	0.694		PatTrie-Rand-EvenSplits-80-rawIteration1	23.35	46.78	70.66	94.5	118.27	141.92	165.71	189.28		PatTrie-Rand-EvenSplits-80-rawIteration1	13.16	26.49	39.78	53.13	66.46	80.21	93.59	106.97	1568509.0		PatTrie-Rand-EvenSplits-80-rawIteration1	45.24	98.17	150.08	192.43	229.99	260.39	285.49	293.04	
PatTrie-Rand-EvenSplits-80-rawIteration2	1.84	3.97	7.94	28.86	64.54	108.21	168.15	241.94		PatTrie-Rand-EvenSplits-80-rawIteration2	18.52	159.39	0.116	33988.0	0.054	0.683		PatTrie-Rand-EvenSplits-80-rawIteration2	24.35	47.57	71.62	95.28	118.75	142.59	166.29	189.67		PatTrie-Rand-EvenSplits-80-rawIteration2	13.28	26.51	39.98	53.4	66.81	80.29	93.6	106.93	1569303.0		PatTrie-Rand-EvenSplits-80-rawIteration2	40.06	88.45	138.91	182.82	220.09	257.06	275.25	283.65	
PatTrie-Rand-EvenSplits-160-rawIteration0	1.72	3.72	7.12	28.18	63.83	111.55	170.07	242.34		PatTrie-Rand-EvenSplits-160-rawIteration0	14.82	162.48	0.091	19153.0	0.066	0.652		PatTrie-Rand-EvenSplits-160-rawIteration0	23.2	45.94	69.55	92.74	115.5	138.4	161.18	184.19		PatTrie-Rand-EvenSplits-160-rawIteration0	12.17	24.84	37.38	50.08	62.82	75.46	88.01	100.69	1569299.0		PatTrie-Rand-EvenSplits-160-rawIteration0	39.11	82.68	121.97	159.24	187.23	209.18	223.76	227.64	
PatTrie-Rand-EvenSplits-160-rawIteration1	1.7	3.68	7.29	26.69	64.19	109.89	164.93	221.84		PatTrie-Rand-EvenSplits-160-rawIteration1	14.82	162.47	0.091	19155.0	0.071	0.625		PatTrie-Rand-EvenSplits-160-rawIteration1	23.62	46.72	69.6	92.58	115.54	138.66	161.4	184.42		PatTrie-Rand-EvenSplits-160-rawIteration1	12.35	25.58	38.12	51.0	63.58	76.33	89.65	102.04	1568509.0		PatTrie-Rand-EvenSplits-160-rawIteration1	38.12	83.89	120.98	156.48	182.74	205.77	225.47	231.27	
PatTrie-Rand-EvenSplits-160-rawIteration2	1.72	3.72	7.22	27.34	63.81	109.45	166.11	225.08		PatTrie-Rand-EvenSplits-160-rawIteration2	14.82	162.48	0.091	19148.0	0.071	0.622		PatTrie-Rand-EvenSplits-160-rawIteration2	22.98	46.4	69.64	92.71	115.29	138.38	161.72	184.56		PatTrie-Rand-EvenSplits-160-rawIteration2	12.32	25.24	37.76	50.56	63.23	75.84	89.11	101.46	1569303.0		PatTrie-Rand-EvenSplits-160-rawIteration2	44.51	84.06	124.24	160.59	186.56	211.81	225.68	229.82	
PatTrie-Rand-4MinDepth-40-rawIteration0	1.61	3.54	14.42	45.89	112.19	213.21	349.41	519.39		PatTrie-Rand-4MinDepth-40-rawIteration0	43.93	209.26	0.21	145727.0	0.026	0.929		PatTrie-Rand-4MinDepth-40-rawIteration0	16.57	31.89	47.41	62.79	78.15	93.36	108.77	124.16		PatTrie-Rand-4MinDepth-40-rawIteration0	9.7	19.47	29.1	38.8	49.13	58.89	68.79	78.53	1569299.0		PatTrie-Rand-4MinDepth-40-rawIteration0	65.74	137.48	214.48	278.94	333.39	383.85	429.51	464.15	
PatTrie-Rand-4MinDepth-40-rawIteration1	1.63	3.54	13.23	46.62	99.28	162.02	240.46	342.67		PatTrie-Rand-4MinDepth-40-rawIteration1	43.83	208.99	0.21	145243.0	0.036	0.874		PatTrie-Rand-4MinDepth-40-rawIteration1	16.27	31.82	47.36	62.91	78.22	93.59	109.07	124.28		PatTrie-Rand-4MinDepth-40-rawIteration1	9.59	19.28	29.16	38.84	48.69	58.45	68.17	77.79	1568509.0		PatTrie-Rand-4MinDepth-40-rawIteration1	60.68	132.88	201.03	267.05	324.29	372.46	410.81	441.59	
PatTrie-Rand-4MinDepth-40-rawIteration2	1.69	3.69	14.8	45.45	91.82	157.78	245.56	340.4		PatTrie-Rand-4MinDepth-40-rawIteration2	44.03	209.5	0.21	146173.0	0.037	0.875		PatTrie-Rand-4MinDepth-40-rawIteration2	18.68	34.16	50.1	65.64	81.14	96.42	111.79	127.27		PatTrie-Rand-4MinDepth-40-rawIteration2	9.62	19.4	29.05	38.79	48.46	58.17	67.96	77.64	1569303.0		PatTrie-Rand-4MinDepth-40-rawIteration2	72.53	158.41	231.76	298.59	357.37	411.47	455.16	479.67	
PatTrie-Rand-4MinDepth-80-rawIteration0	1.41	3.1	8.69	25.98	59.81	107.85	168.36	233.85		PatTrie-Rand-4MinDepth-80-rawIteration0	23.73	170.54	0.139	57217.0	0.047	0.74		PatTrie-Rand-4MinDepth-80-rawIteration0	14.41	28.68	42.89	57.51	71.96	86.97	101.48	115.75		PatTrie-Rand-4MinDepth-80-rawIteration0	8.31	16.75	25.39	33.99	42.63	51.1	59.61	68.29	1569299.0		PatTrie-Rand-4MinDepth-80-rawIteration0	47.2	89.2	145.26	189.33	235.57	266.76	294.27	303.4	
PatTrie-Rand-4MinDepth-80-rawIteration1	1.41	3.11	8.24	26.57	61.3	109.94	173.45	238.27		PatTrie-Rand-4MinDepth-80-rawIteration1	23.75	170.58	0.139	57258.0	0.047	0.779		PatTrie-Rand-4MinDepth-80-rawIteration1	14.32	28.47	43.37	58.28	72.64	86.91	101.71	116.54		PatTrie-Rand-4MinDepth-80-rawIteration1	8.39	17.01	25.64	34.06	42.66	51.29	59.71	68.42	1568509.0		PatTrie-Rand-4MinDepth-80-rawIteration1	40.02	89.42	142.2	176.68	217.94	247.71	265.07	273.29	
PatTrie-Rand-4MinDepth-80-rawIteration2	1.42	3.12	7.86	25.19	57.2	108.64	175.57	247.26		PatTrie-Rand-4MinDepth-80-rawIteration2	23.62	170.53	0.139	56734.0	0.046	0.802		PatTrie-Rand-4MinDepth-80-rawIteration2	14.28	28.75	43.24	57.76	72.27	86.78	101.58	116.2		PatTrie-Rand-4MinDepth-80-rawIteration2	8.33	16.9	25.35	33.8	42.48	50.9	59.56	68.04	1569303.0		PatTrie-Rand-4MinDepth-80-rawIteration2	34.72	89.85	128.95	175.78	215.65	244.97	262.97	269.41	
PatTrie-Rand-4MinDepth-160-rawIteration0	1.31	2.87	6.0	23.57	54.95	94.83	141.62	195.72		PatTrie-Rand-4MinDepth-160-rawIteration0	16.36	163.71	0.1	26107.0	0.066	0.68		PatTrie-Rand-4MinDepth-160-rawIteration0	14.81	30.37	46.37	61.87	77.3	92.66	108.23	123.69		PatTrie-Rand-4MinDepth-160-rawIteration0	8.62	17.4	26.28	35.24	43.78	52.71	61.64	70.55	1569299.0		PatTrie-Rand-4MinDepth-160-rawIteration0	34.53	71.69	110.36	147.39	179.63	199.44	217.56	222.65	
PatTrie-Rand-4MinDepth-160-rawIteration1	1.29	2.89	5.99	21.17	46.41	86.12	132.58	185.4		PatTrie-Rand-4MinDepth-160-rawIteration1	16.39	163.8	0.1	26183.0	0.071	0.678		PatTrie-Rand-4MinDepth-160-rawIteration1	14.84	30.52	45.92	61.23	76.8	92.29	107.47	122.61		PatTrie-Rand-4MinDepth-160-rawIteration1	8.65	17.45	26.28	35.04	43.89	52.85	61.78	70.64	1568509.0		PatTrie-Rand-4MinDepth-160-rawIteration1	35.96	72.2	107.41	145.87	177.63	206.35	217.34	224.26	
PatTrie-Rand-4MinDepth-160-rawIteration2	1.31	2.85	5.98	22.06	48.37	88.71	135.07	189.44		PatTrie-Rand-4MinDepth-160-rawIteration2	16.38	163.58	0.1	26134.0	0.069	0.69		PatTrie-Rand-4MinDepth-160-rawIteration2	14.42	29.9	45.14	60.44	76.15	91.78	106.91	122.09		PatTrie-Rand-4MinDepth-160-rawIteration2	8.64	17.47	26.04	34.83	43.65	52.58	61.59	70.46	1569303.0		PatTrie-Rand-4MinDepth-160-rawIteration2	34.3	71.23	100.44	138.0	163.87	184.86	197.14	200.87	

Insertions	125000	250000	375000	500000	625000	750000	875000	1000000		CacheStats	Disk Usage (MB)	Uncompressed Size (MB)	Compression Ratio	Parition Count	Serialization Time (%)	Disk Write Time (%)		Contains	200000	400000	600000	800000	1000000	1200000	1400000	1600000		PrefixSearches	100000	200000	300000	400000	500000	600000	700000	800000	TotalResults		Removals	93750	187500	281250	375000	468750	562500	656250	750000	
PatTrie-Seq-EvenSplits-3000-avg	0.31	0.59	0.93	1.28	1.64	2.02	2.39	2.76		PatTrie-Seq-EvenSplits-3000-avg	1.26	161.84	0.01	1000.0	0.08	0.09		PatTrie-Seq-EvenSplits-3000-avg	1.31	2.62	3.89	5.17	6.32	7.57	8.87	10.13		PatTrie-Seq-EvenSplits-3000-avg	9.53	19.11	28.55	37.91	47.27	56.83	66.19	75.55	8.0E7		PatTrie-Seq-EvenSplits-3000-avg	0.51	0.97	1.44	1.88	2.33	2.78	3.21	3.62	
PatTrie-Seq-EvenSplits-6000-avg	0.24	0.51	0.84	1.17	1.51	1.89	2.24	2.61		PatTrie-Seq-EvenSplits-6000-avg	1.0	161.72	0.01	500.0	0.07	0.06		PatTrie-Seq-EvenSplits-6000-avg	1.23	2.48	3.74	5.02	6.13	7.38	8.63	9.86		PatTrie-Seq-EvenSplits-6000-avg	8.86	17.99	26.91	36.01	44.88	53.91	63.01	71.98	8.0E7		PatTrie-Seq-EvenSplits-6000-avg	0.48	0.94	1.39	1.82	2.27	2.69	3.11	3.5	
PatTrie-Seq-EvenSplits-12000-avg	0.28	0.65	1.1	1.54	2.11	2.64	3.12	3.73		PatTrie-Seq-EvenSplits-12000-avg	0.96	161.65	0.01	260.0	0.04	0.03		PatTrie-Seq-EvenSplits-12000-avg	1.53	3.26	5.18	6.92	8.53	10.08	11.84	13.77		PatTrie-Seq-EvenSplits-12000-avg	9.0	18.33	27.62	36.93	46.15	55.39	64.74	73.87	8.0E7		PatTrie-Seq-EvenSplits-12000-avg	0.55	1.2	1.93	2.55	3.32	4.03	4.66	5.32	
PatTrie-Seq-4MinDepth-3000-avg	0.26	0.59	1.03	1.51	2.0	2.6	3.08	3.59		PatTrie-Seq-4MinDepth-3000-avg	2.16	162.09	0.01	2763.0	0.08	0.17		PatTrie-Seq-4MinDepth-3000-avg	1.77	3.41	5.05	6.69	8.14	9.99	11.65	13.3		PatTrie-Seq-4MinDepth-3000-avg	10.66	21.58	32.56	43.49	54.43	65.42	76.43	87.23	8.0E7		PatTrie-Seq-4MinDepth-3000-avg	0.83	1.46	2.08	2.69	3.31	3.91	4.48	5.1	
PatTrie-Seq-4MinDepth-6000-avg	0.24	0.55	0.95	1.36	1.79	2.26	2.81	3.24		PatTrie-Seq-4MinDepth-6000-avg	1.45	161.83	0.01	1364.0	0.07	0.11		PatTrie-Seq-4MinDepth-6000-avg	1.55	3.01	4.55	5.97	7.3	8.9	10.38	11.93		PatTrie-Seq-4MinDepth-6000-avg	9.64	19.68	29.34	39.35	48.97	58.9	68.54	78.41	8.0E7		PatTrie-Seq-4MinDepth-6000-avg	0.62	1.23	1.77	2.28	2.81	3.33	3.83	4.36	
PatTrie-Seq-4MinDepth-12000-avg	0.24	0.55	0.96	1.33	1.74	2.17	2.58	3.06		PatTrie-Seq-4MinDepth-12000-avg	1.1	161.72	0.01	661.0	0.05	0.07		PatTrie-Seq-4MinDepth-12000-avg	1.5	2.86	4.32	5.73	6.99	8.54	9.95	11.43		PatTrie-Seq-4MinDepth-12000-avg	9.19	18.37	27.64	37.01	46.34	55.52	64.68	74.09	8.0E7		PatTrie-Seq-4MinDepth-12000-avg	0.57	1.14	1.63	2.1	2.57	3.05	3.5	3.98	
PatTrie-Word-EvenSplits-50-avg	1.49	2.96	5.54	9.94	18.63	26.07	32.94	37.25		PatTrie-Word-EvenSplits-50-avg	22.4	155.1	0.14	55873.0	0.05	0.54		PatTrie-Word-EvenSplits-50-avg	3.76	6.44	9.09	11.69	14.37	16.96	19.5	22.1		PatTrie-Word-EvenSplits-50-avg	19.86	39.33	59.11	78.66	98.49	116.92	136.36	155.69	1.60779811E8		PatTrie-Word-EvenSplits-50-avg	3.87	7.87	12.58	17.14	22.22	26.67	31.39	37.11	
PatTrie-Word-EvenSplits-100-avg	1.48	2.99	5.1	8.34	14.7	21.02	26.54	29.37		PatTrie-Word-EvenSplits-100-avg	15.63	148.78	0.11	28003.0	0.04	0.38		PatTrie-Word-EvenSplits-100-avg	3.47	6.19	8.99	11.78	14.65	17.45	20.19	23.06		PatTrie-Word-EvenSplits-100-avg	18.14	36.09	54.38	72.52	91.03	107.96	126.05	144.08	1.60779811E8		PatTrie-Word-EvenSplits-100-avg	2.83	5.55	8.64	11.58	14.9	17.95	20.92	23.65	
PatTrie-Word-EvenSplits-200-avg	1.36	2.79	4.65	7.29	12.49	17.84	22.04	25.09		PatTrie-Word-EvenSplits-200-avg	11.85	145.88	0.08	13843.0	0.04	0.29		PatTrie-Word-EvenSplits-200-avg	3.56	6.6	9.84	13.04	16.4	19.73	22.8	26.09		PatTrie-Word-EvenSplits-200-avg	17.79	35.55	53.64	71.41	89.8	106.27	124.12	141.99	1.60779811E8		PatTrie-Word-EvenSplits-200-avg	2.3	4.62	6.86	9.25	11.75	14.31	16.34	18.65	
PatTrie-Word-4MinDepth-50-avg	1.39	2.82	6.2	12.27	22.72	30.61	41.91	48.6		PatTrie-Word-4MinDepth-50-avg	31.05	166.55	0.19	93563.0	0.06	0.83		PatTrie-Word-4MinDepth-50-avg	7.15	9.54	11.85	14.12	16.38	18.59	20.78	23.07		PatTrie-Word-4MinDepth-50-avg	22.09	42.99	64.33	85.59	107.15	127.45	148.75	169.7	1.60779811E8		PatTrie-Word-4MinDepth-50-avg	5.87	10.82	17.1	23.77	31.45	37.86	46.39	57.43	
PatTrie-Word-4MinDepth-100-avg	1.31	2.63	4.76	8.69	16.15	23.77	29.68	34.29		PatTrie-Word-4MinDepth-100-avg	18.6	154.95	0.12	40658.0	0.05	0.55		PatTrie-Word-4MinDepth-100-avg	3.24	5.54	7.89	10.2	12.61	14.89	17.13	19.4		PatTrie-Word-4MinDepth-100-avg	19.45	38.41	57.83	77.02	96.66	114.57	133.76	152.89	1.60779811E8		PatTrie-Word-4MinDepth-100-avg	2.64	6.04	9.24	12.44	15.8	18.94	22.89	26.47	
PatTrie-Word-4MinDepth-200-avg	1.24	2.47	4.12	6.69	11.72	16.79	20.66	23.77		PatTrie-Word-4MinDepth-200-avg	13.08	149.14	0.09	18655.0	0.04	0.37		PatTrie-Word-4MinDepth-200-avg	2.8	5.1	7.5	9.88	12.45	14.8	17.16	19.61		PatTrie-Word-4MinDepth-200-avg	17.24	34.43	52.08	69.41	87.02	103.04	120.24	137.62	1.60779811E8		PatTrie-Word-4MinDepth-200-avg	1.88	3.77	5.88	8.23	10.81	13.32	15.38	17.71	
PatTrie-Rand-EvenSplits-40-avg	1.99	4.17	10.36	34.86	74.55	126.97	190.85	274.31		PatTrie-Rand-EvenSplits-40-avg	25.94	164.32	0.16	65278.67	0.05	0.71		PatTrie-Rand-EvenSplits-40-avg	24.51	48.61	72.68	96.84	120.82	145.19	169.2	193.24		PatTrie-Rand-EvenSplits-40-avg	13.53	27.29	40.97	54.64	68.23	82.16	95.84	109.48	1569037.0		PatTrie-Rand-EvenSplits-40-avg	46.63	98.89	150.16	194.22	235.6	272.77	299.07	313.06	
PatTrie-Rand-EvenSplits-80-avg	1.8	3.87	7.86	28.03	62.06	108.18	172.3	246.1		PatTrie-Rand-EvenSplits-80-avg	18.52	159.39	0.12	33992.33	0.05	0.69		PatTrie-Rand-EvenSplits-80-avg	23.89	47.18	70.96	94.85	118.4	142.0	165.7	189.14		PatTrie-Rand-EvenSplits-80-avg	13.18	26.49	39.89	53.24	66.77	80.27	93.58	106.96	1569037.0		PatTrie-Rand-EvenSplits-80-avg	42.57	93.44	144.5	190.59	228.26	260.07	286.11	294.04	
PatTrie-Rand-EvenSplits-160-avg	1.71	3.71	7.21	27.4	63.94	110.3	167.04	229.75		PatTrie-Rand-EvenSplits-160-avg	14.82	162.48	0.09	19152.0	0.07	0.63		PatTrie-Rand-EvenSplits-160-avg	23.27	46.35	69.6	92.68	115.44	138.48	161.43	184.39		PatTrie-Rand-EvenSplits-160-avg	12.28	25.22	37.75	50.55	63.21	75.88	88.92	101.4	1569037.0		PatTrie-Rand-EvenSplits-160-avg	40.58	83.54	122.4	158.77	185.51	208.92	224.97	229.58	
PatTrie-Rand-4MinDepth-40-avg	1.64	3.59	14.15	45.99	101.1	177.67	278.48	400.82		PatTrie-Rand-4MinDepth-40-avg	43.93	209.25	0.21	145714.33	0.03	0.89		PatTrie-Rand-4MinDepth-40-avg	17.17	32.62	48.29	63.78	79.17	94.46	109.88	125.24		PatTrie-Rand-4MinDepth-40-avg	9.64	19.38	29.1	38.81	48.76	58.5	68.31	77.99	1569037.0		PatTrie-Rand-4MinDepth-40-avg	66.32	142.92	215.76	281.53	338.35	389.26	431.83	461.8	
PatTrie-Rand-4MinDepth-80-avg	1.41	3.11	8.26	25.91	59.44	108.81	172.46	239.79		PatTrie-Rand-4MinDepth-80-avg	23.7	170.55	0.14	57069.67	0.05	0.77		PatTrie-Rand-4MinDepth-80-avg	14.34	28.63	43.17	57.85	72.29	86.89	101.59	116.16		PatTrie-Rand-4MinDepth-80-avg	8.34	16.89	25.46	33.95	42.59	51.1	59.63	68.25	1569037.0		PatTrie-Rand-4MinDepth-80-avg	40.65	89.49	138.8	180.6	223.05	253.15	274.1	282.03	
PatTrie-Rand-4MinDepth-160-avg	1.3	2.87	5.99	22.27	49.91	89.89	136.42	190.19		PatTrie-Rand-4MinDepth-160-avg	16.38	163.7	0.1	26141.33	0.07	0.68		PatTrie-Rand-4MinDepth-160-avg	14.69	30.26	45.81	61.18	76.75	92.24	107.54	122.8		PatTrie-Rand-4MinDepth-160-avg	8.64	17.44	26.2	35.04	43.77	52.71	61.67	70.55	1569037.0		PatTrie-Rand-4MinDepth-160-avg	34.93	71.71	106.07	143.75	173.71	196.88	210.68	215.93	
