Insertions	125000	250000	375000	500000	625000	750000	875000	1000000		CacheStats	Disk Usage (MB)	Uncompressed Size (MB)	Compression Ratio	Parition Count	Serialization Time (%)	Disk Write Time (%)		Contains	200000	400000	600000	800000	1000000	1200000	1400000	1600000		PrefixSearches	100000	200000	300000	400000	500000	600000	700000	800000	TotalResults		Removals	93750	187500	281250	375000	468750	562500	656250	750000
SkipList-Seq-ArrayList-3000-rawIteration0	0.29	0.42	0.56	0.69	0.92	1.13	1.35	1.57		SkipList-Seq-ArrayList-3000-rawIteration0	5.15	96.13	0.054	325	0.329	0.066		SkipList-Seq-ArrayList-3000-rawIteration0	0.32	0.54	0.77	0.99	1.23	1.46	1.7	1.96		SkipList-Seq-ArrayList-3000-rawIteration0	4.54	9.61	14.71	20.14	24.82	29.63	34.44	39.3	8.0E7		SkipList-Seq-ArrayList-3000-rawIteration0	0.27	0.52	0.75	0.97	1.19	1.4	1.6	1.84
SkipList-Seq-ArrayList-3000-rawIteration1	0.3	0.44	0.59	0.73	0.94	1.19	1.39	1.61		SkipList-Seq-ArrayList-3000-rawIteration1	5.15	96.13	0.054	323	0.303	0.059		SkipList-Seq-ArrayList-3000-rawIteration1	0.21	0.42	0.63	0.85	1.08	1.29	1.5	1.72		SkipList-Seq-ArrayList-3000-rawIteration1	4.61	9.39	14.19	18.99	23.68	28.54	33.42	37.94	8.0E7		SkipList-Seq-ArrayList-3000-rawIteration1	0.33	0.58	0.8	1.1	1.33	1.56	1.76	1.94
SkipList-Seq-ArrayList-3000-rawIteration2	0.14	0.27	0.4	0.55	0.78	0.98	1.22	1.42		SkipList-Seq-ArrayList-3000-rawIteration2	5.17	96.14	0.054	349	0.309	0.084		SkipList-Seq-ArrayList-3000-rawIteration2	0.22	0.43	0.65	0.87	1.08	1.32	1.54	1.76		SkipList-Seq-ArrayList-3000-rawIteration2	4.62	9.49	14.29	19.22	23.85	28.41	33.31	38.41	8.0E7		SkipList-Seq-ArrayList-3000-rawIteration2	0.28	0.54	0.77	0.98	1.21	1.4	1.59	1.77
SkipList-Seq-ArrayList-6000-rawIteration0	0.13	0.26	0.42	0.56	0.76	0.97	1.21	1.41		SkipList-Seq-ArrayList-6000-rawIteration0	5.07	96.06	0.053	156	0.298	0.038		SkipList-Seq-ArrayList-6000-rawIteration0	0.21	0.43	0.64	0.87	1.08	1.31	1.53	1.76		SkipList-Seq-ArrayList-6000-rawIteration0	4.11	9.11	13.75	18.61	22.74	27.49	32.34	36.75	8.0E7		SkipList-Seq-ArrayList-6000-rawIteration0	0.28	0.59	0.9	1.2	1.48	1.82	2.13	2.39
SkipList-Seq-ArrayList-6000-rawIteration1	0.13	0.26	0.4	0.54	0.74	0.95	1.22	1.41		SkipList-Seq-ArrayList-6000-rawIteration1	5.07	96.06	0.053	154	0.305	0.042		SkipList-Seq-ArrayList-6000-rawIteration1	0.21	0.44	0.65	0.87	1.08	1.32	1.55	1.77		SkipList-Seq-ArrayList-6000-rawIteration1	4.5	9.26	13.99	18.83	23.05	27.82	32.6	37.04	8.0E7		SkipList-Seq-ArrayList-6000-rawIteration1	0.32	0.61	0.97	1.24	1.72	2.01	2.42	2.69
SkipList-Seq-ArrayList-6000-rawIteration2	0.13	0.27	0.41	0.55	0.75	0.96	1.21	1.41		SkipList-Seq-ArrayList-6000-rawIteration2	5.08	96.07	0.053	167	0.318	0.031		SkipList-Seq-ArrayList-6000-rawIteration2	0.21	0.43	0.66	0.88	1.09	1.34	1.56	1.77		SkipList-Seq-ArrayList-6000-rawIteration2	4.48	9.24	14.06	19	23.3	28.13	32.96	37.37	8.0E7		SkipList-Seq-ArrayList-6000-rawIteration2	0.3	0.59	0.91	1.14	1.45	1.69	2.18	2.49
SkipList-Seq-ArrayList-12000-rawIteration0	0.14	0.27	0.42	0.56	0.79	0.99	1.24	1.43		SkipList-Seq-ArrayList-12000-rawIteration0	5.04	96.03	0.052	82	0.33	0.027		SkipList-Seq-ArrayList-12000-rawIteration0	0.22	0.43	0.65	0.87	1.09	1.33	1.55	1.76		SkipList-Seq-ArrayList-12000-rawIteration0	4.08	9.06	13.41	18.1	22.73	27.5	31.93	36.71	8.0E7		SkipList-Seq-ArrayList-12000-rawIteration0	0.43	0.98	1.58	2.05	2.4	2.96	3.39	3.78
SkipList-Seq-ArrayList-12000-rawIteration1	0.13	0.26	0.4	0.55	0.77	0.98	1.23	1.42		SkipList-Seq-ArrayList-12000-rawIteration1	5.05	96.04	0.053	103	0.316	0.025		SkipList-Seq-ArrayList-12000-rawIteration1	0.21	0.43	0.64	0.85	1.09	1.3	1.51	1.72		SkipList-Seq-ArrayList-12000-rawIteration1	4.46	9.1	13.72	18.03	22.62	27.4	32.21	36.62	8.0E7		SkipList-Seq-ArrayList-12000-rawIteration1	0.31	0.63	1.02	1.4	1.8	2.42	3.03	3.36
SkipList-Seq-ArrayList-12000-rawIteration2	0.13	0.28	0.41	0.56	0.78	0.97	1.21	1.41		SkipList-Seq-ArrayList-12000-rawIteration2	5.04	96.04	0.053	95	0.334	0.021		SkipList-Seq-ArrayList-12000-rawIteration2	0.23	0.44	0.65	0.86	1.08	1.33	1.53	1.74		SkipList-Seq-ArrayList-12000-rawIteration2	4.12	9.2	14	18.36	23.2	28.14	32.94	37.41	8.0E7		SkipList-Seq-ArrayList-12000-rawIteration2	0.4	0.85	1.39	1.76	2.23	2.51	2.85	3.12
SkipList-Seq-Treap-3000-rawIteration0	0.32	0.43	0.6	0.79	0.99	1.19	1.38	1.59		SkipList-Seq-Treap-3000-rawIteration0	5.12	144.12	0.036	307	0.344	0.053		SkipList-Seq-Treap-3000-rawIteration0	0.4	0.63	0.87	1.1	1.33	1.65	1.9	2.18		SkipList-Seq-Treap-3000-rawIteration0	6.07	12.15	18.36	24.63	30.87	36.76	42.9	48.71	8.0E7		SkipList-Seq-Treap-3000-rawIteration0	0.26	0.39	0.54	0.68	0.82	0.96	1.1	1.2
SkipList-Seq-Treap-3000-rawIteration1	0.36	0.48	0.62	0.84	1.05	1.3	1.48	1.67		SkipList-Seq-Treap-3000-rawIteration1	5.12	144.12	0.036	319	0.297	0.064		SkipList-Seq-Treap-3000-rawIteration1	0.23	0.45	0.67	0.9	1.14	1.36	1.59	1.81		SkipList-Seq-Treap-3000-rawIteration1	5.68	11.58	17.44	23.64	30.06	35.64	41.85	48	8.0E7		SkipList-Seq-Treap-3000-rawIteration1	0.15	0.29	0.46	0.59	0.73	0.91	1.05	1.15
SkipList-Seq-Treap-3000-rawIteration2	0.12	0.24	0.38	0.57	0.77	1.01	1.21	1.4		SkipList-Seq-Treap-3000-rawIteration2	5.13	144.13	0.036	333	0.368	0.064		SkipList-Seq-Treap-3000-rawIteration2	0.23	0.46	0.69	0.94	1.16	1.38	1.61	1.85		SkipList-Seq-Treap-3000-rawIteration2	6.17	12.33	18.26	24.47	30.74	36.26	42.43	48.24	8.0E7		SkipList-Seq-Treap-3000-rawIteration2	0.14	0.28	0.42	0.55	0.69	0.83	0.97	1.07
SkipList-Seq-Treap-6000-rawIteration0	0.12	0.23	0.38	0.58	0.77	1.01	1.2	1.4		SkipList-Seq-Treap-6000-rawIteration0	5.06	144.06	0.035	161	0.344	0.05		SkipList-Seq-Treap-6000-rawIteration0	0.22	0.45	0.68	0.94	1.15	1.38	1.6	1.84		SkipList-Seq-Treap-6000-rawIteration0	5.62	11.53	17.28	23.2	28.85	34.7	40.75	46.41	8.0E7		SkipList-Seq-Treap-6000-rawIteration0	0.19	0.33	0.47	0.6	0.74	0.87	1	1.12
SkipList-Seq-Treap-6000-rawIteration1	0.12	0.24	0.38	0.58	0.77	1	1.19	1.37		SkipList-Seq-Treap-6000-rawIteration1	5.06	144.06	0.035	152	0.345	0.035		SkipList-Seq-Treap-6000-rawIteration1	0.22	0.47	0.7	0.95	1.16	1.38	1.61	1.85		SkipList-Seq-Treap-6000-rawIteration1	5.66	11.44	17.15	23.16	29.2	34.65	40.86	46.57	8.0E7		SkipList-Seq-Treap-6000-rawIteration1	0.14	0.28	0.41	0.54	0.68	0.81	0.96	1.06
SkipList-Seq-Treap-6000-rawIteration2	0.12	0.23	0.4	0.6	0.78	1	1.18	1.36		SkipList-Seq-Treap-6000-rawIteration2	5.08	144.07	0.035	194	0.358	0.046		SkipList-Seq-Treap-6000-rawIteration2	0.22	0.44	0.67	0.91	1.12	1.34	1.56	1.81		SkipList-Seq-Treap-6000-rawIteration2	5.5	11.27	17	22.95	28.93	34.37	40.35	46	8.0E7		SkipList-Seq-Treap-6000-rawIteration2	0.14	0.27	0.4	0.54	0.67	0.8	0.94	1.04
SkipList-Seq-Treap-12000-rawIteration0	0.12	0.24	0.38	0.56	0.75	0.97	1.14	1.32		SkipList-Seq-Treap-12000-rawIteration0	5.03	144.03	0.035	84	0.358	0.027		SkipList-Seq-Treap-12000-rawIteration0	0.22	0.45	0.68	0.91	1.12	1.34	1.56	1.81		SkipList-Seq-Treap-12000-rawIteration0	5.55	11.17	16.71	22.52	27.94	33.7	39.16	45.15	8.0E7		SkipList-Seq-Treap-12000-rawIteration0	0.13	0.27	0.41	0.54	0.66	0.8	0.93	1.04
SkipList-Seq-Treap-12000-rawIteration1	0.11	0.23	0.36	0.57	0.75	1.01	1.17	1.37		SkipList-Seq-Treap-12000-rawIteration1	5.03	144.03	0.035	83	0.391	0.031		SkipList-Seq-Treap-12000-rawIteration1	0.23	0.46	0.66	0.91	1.12	1.34	1.57	1.8		SkipList-Seq-Treap-12000-rawIteration1	5.34	10.86	16.39	22.11	27.49	33.18	38.7	44.79	8.0E7		SkipList-Seq-Treap-12000-rawIteration1	0.14	0.28	0.42	0.55	0.69	0.82	0.95	1.08
SkipList-Seq-Treap-12000-rawIteration2	0.11	0.23	0.36	0.54	0.77	0.95	1.15	1.31		SkipList-Seq-Treap-12000-rawIteration2	5.03	144.03	0.035	87	0.386	0.026		SkipList-Seq-Treap-12000-rawIteration2	0.22	0.44	0.67	0.91	1.12	1.36	1.58	1.82		SkipList-Seq-Treap-12000-rawIteration2	5.41	11.08	16.65	22.45	27.93	33.65	39.61	45.27	8.0E7		SkipList-Seq-Treap-12000-rawIteration2	0.14	0.27	0.41	0.54	0.67	0.82	0.94	1.06
SkipList-Seq-RBT-3000-rawIteration0	0.35	0.53	0.76	1.04	1.3	1.56	1.83	2.15		SkipList-Seq-RBT-3000-rawIteration0	5.15	152.14	0.034	355	0.223	0.055		SkipList-Seq-RBT-3000-rawIteration0	0.23	0.45	0.66	0.88	1.09	1.33	1.55	1.77		SkipList-Seq-RBT-3000-rawIteration0	5.5	11.32	16.9	22.65	28.02	33.71	39.29	45.23	8.0E7		SkipList-Seq-RBT-3000-rawIteration0	0.2	0.35	0.5	0.64	0.79	0.93	1.08	1.2
SkipList-Seq-RBT-3000-rawIteration1	0.17	0.34	0.55	0.82	1.08	1.38	1.64	1.89		SkipList-Seq-RBT-3000-rawIteration1	5.15	152.14	0.034	374	0.256	0.053		SkipList-Seq-RBT-3000-rawIteration1	0.22	0.43	0.64	0.89	1.1	1.35	1.57	1.8		SkipList-Seq-RBT-3000-rawIteration1	5.32	10.95	16.4	22.23	27.92	33.53	38.99	44.96	8.0E7		SkipList-Seq-RBT-3000-rawIteration1	0.15	0.3	0.44	0.59	0.74	0.89	1.05	1.18
SkipList-Seq-RBT-3000-rawIteration2	0.17	0.34	0.55	0.81	1.12	1.37	1.62	1.86		SkipList-Seq-RBT-3000-rawIteration2	5.15	152.14	0.034	350	0.253	0.045		SkipList-Seq-RBT-3000-rawIteration2	0.21	0.42	0.64	0.87	1.08	1.3	1.52	1.78		SkipList-Seq-RBT-3000-rawIteration2	5.44	10.97	16.42	22.03	27.92	33.49	38.97	44.98	8.0E7		SkipList-Seq-RBT-3000-rawIteration2	0.15	0.29	0.44	0.58	0.73	0.87	1.02	1.14
SkipList-Seq-RBT-6000-rawIteration0	0.17	0.36	0.57	0.85	1.11	1.42	1.67	1.91		SkipList-Seq-RBT-6000-rawIteration0	5.06	152.06	0.033	159	0.248	0.026		SkipList-Seq-RBT-6000-rawIteration0	0.21	0.42	0.63	0.88	1.08	1.3	1.52	1.76		SkipList-Seq-RBT-6000-rawIteration0	5.38	10.88	16.23	21.89	27.6	32.75	38.56	43.96	8.0E7		SkipList-Seq-RBT-6000-rawIteration0	0.14	0.3	0.45	0.61	0.74	0.89	1.03	1.16
SkipList-Seq-RBT-6000-rawIteration1	0.18	0.36	0.58	0.83	1.09	1.4	1.64	1.89		SkipList-Seq-RBT-6000-rawIteration1	5.07	152.07	0.033	174	0.246	0.03		SkipList-Seq-RBT-6000-rawIteration1	0.21	0.44	0.65	0.86	1.09	1.3	1.51	1.71		SkipList-Seq-RBT-6000-rawIteration1	5.33	10.85	16.26	21.94	27.24	32.83	38.17	44.03	8.0E7		SkipList-Seq-RBT-6000-rawIteration1	0.15	0.3	0.44	0.59	0.74	0.88	1.03	1.17
SkipList-Seq-RBT-6000-rawIteration2	0.17	0.35	0.55	0.83	1.12	1.36	1.62	1.88		SkipList-Seq-RBT-6000-rawIteration2	5.07	152.07	0.033	174	0.254	0.029		SkipList-Seq-RBT-6000-rawIteration2	0.21	0.47	0.7	0.93	1.14	1.34	1.55	1.79		SkipList-Seq-RBT-6000-rawIteration2	5.2	10.7	16.18	21.75	27.35	32.45	38.29	43.77	8.0E7		SkipList-Seq-RBT-6000-rawIteration2	0.15	0.29	0.44	0.59	0.74	0.88	1.02	1.15
SkipList-Seq-RBT-12000-rawIteration0	0.18	0.38	0.61	0.87	1.11	1.42	1.69	1.95		SkipList-Seq-RBT-12000-rawIteration0	5.03	152.03	0.033	90	0.241	0.018		SkipList-Seq-RBT-12000-rawIteration0	0.22	0.44	0.65	0.9	1.1	1.31	1.53	1.76		SkipList-Seq-RBT-12000-rawIteration0	5.29	10.74	16.17	21.84	27.14	32.74	38.09	44.05	8.0E7		SkipList-Seq-RBT-12000-rawIteration0	0.15	0.3	0.44	0.59	0.73	0.88	1.02	1.16
SkipList-Seq-RBT-12000-rawIteration1	0.18	0.43	0.64	0.92	1.24	1.49	1.75	2.02		SkipList-Seq-RBT-12000-rawIteration1	5.03	152.03	0.033	90	0.236	0.016		SkipList-Seq-RBT-12000-rawIteration1	0.21	0.42	0.64	0.87	1.07	1.28	1.49	1.74		SkipList-Seq-RBT-12000-rawIteration1	5.35	10.88	16.33	21.96	27.63	32.78	38.69	44.18	8.0E7		SkipList-Seq-RBT-12000-rawIteration1	0.15	0.29	0.44	0.58	0.72	0.88	1	1.14
SkipList-Seq-RBT-12000-rawIteration2	0.18	0.37	0.6	0.86	1.14	1.43	1.7	1.95		SkipList-Seq-RBT-12000-rawIteration2	5.03	152.04	0.033	92	0.243	0.022		SkipList-Seq-RBT-12000-rawIteration2	0.21	0.42	0.64	0.87	1.07	1.28	1.49	1.73		SkipList-Seq-RBT-12000-rawIteration2	5.27	10.79	16.25	21.93	27.76	32.9	38.65	44.15	8.0E7		SkipList-Seq-RBT-12000-rawIteration2	0.15	0.3	0.47	0.61	0.76	0.94	1.07	1.22
SkipList-Seq-LinkedLinear-3000-rawIteration0	24.89	47.23	60.98	88.2	110.92	124.48	139.7	158.4		SkipList-Seq-LinkedLinear-3000-rawIteration0	5.15	128.12	0.04	322	0.003	0.001		SkipList-Seq-LinkedLinear-3000-rawIteration0	10.52	19.37	32.16	40.21	49.54	59.87	68.92	81.63		SkipList-Seq-LinkedLinear-3000-rawIteration0	18.98	37.99	57.72	76.76	96.27	115.64	134.57	153.6	8.0E7		SkipList-Seq-LinkedLinear-3000-rawIteration0	0.15	0.26	0.38	0.49	0.6	0.71	0.82	0.9
SkipList-Seq-LinkedLinear-3000-rawIteration1	15.36	29.55	45.12	59.77	79.5	94.37	112.22	133.51		SkipList-Seq-LinkedLinear-3000-rawIteration1	5.15	128.12	0.04	329	0.003	0.001		SkipList-Seq-LinkedLinear-3000-rawIteration1	7.75	16.49	24.72	33.92	44.01	51.78	60.19	68.39		SkipList-Seq-LinkedLinear-3000-rawIteration1	17.28	34.9	53.01	70.31	88.31	107.08	124.58	142.23	8.0E7		SkipList-Seq-LinkedLinear-3000-rawIteration1	0.12	0.24	0.35	0.47	0.59	0.71	0.82	0.91
SkipList-Seq-LinkedLinear-3000-rawIteration2	13.92	27.02	41.83	56.72	83.27	98.15	119.73	136.52		SkipList-Seq-LinkedLinear-3000-rawIteration2	5.16	128.13	0.04	348	0.003	0.001		SkipList-Seq-LinkedLinear-3000-rawIteration2	7.75	14.94	26.22	34.32	44.99	52.52	59.69	70.99		SkipList-Seq-LinkedLinear-3000-rawIteration2	17.25	35.29	53.32	70.71	88.5	106.78	124.46	142.53	8.0E7		SkipList-Seq-LinkedLinear-3000-rawIteration2	0.12	0.24	0.36	0.48	0.6	0.72	0.83	0.92
SkipList-Seq-LinkedLinear-6000-rawIteration0	51.81	90.8	134.67	198.53	232.26	270.63	324.65	373.91		SkipList-Seq-LinkedLinear-6000-rawIteration0	5.07	128.06	0.04	163	0.001	0		SkipList-Seq-LinkedLinear-6000-rawIteration0	19.63	44.07	60.64	82.47	101.03	120.55	145.01	161.96		SkipList-Seq-LinkedLinear-6000-rawIteration0	33.18	67.01	100.41	134.1	167.67	201.36	236.66	270.51	8.0E7		SkipList-Seq-LinkedLinear-6000-rawIteration0	0.12	0.23	0.34	0.45	0.56	0.67	0.79	0.86
SkipList-Seq-LinkedLinear-6000-rawIteration1	26.96	54.51	80.7	121.04	170.29	205.76	236.61	271.87		SkipList-Seq-LinkedLinear-6000-rawIteration1	5.08	128.07	0.04	177	0.002	0		SkipList-Seq-LinkedLinear-6000-rawIteration1	11.75	25.48	46.34	63.6	78.18	89.86	103.49	124.25		SkipList-Seq-LinkedLinear-6000-rawIteration1	26.89	54.31	82	109.27	138.01	166	194.33	221.8	8.0E7		SkipList-Seq-LinkedLinear-6000-rawIteration1	0.11	0.22	0.34	0.45	0.56	0.69	0.79	0.86
SkipList-Seq-LinkedLinear-6000-rawIteration2	53.76	89.78	138.99	192.92	234.56	265.99	303.23	334.66		SkipList-Seq-LinkedLinear-6000-rawIteration2	5.08	128.07	0.04	186	0.001	0		SkipList-Seq-LinkedLinear-6000-rawIteration2	20.84	44.04	62.04	79.05	93.8	114.75	137.22	155.63		SkipList-Seq-LinkedLinear-6000-rawIteration2	30.9	63.12	93.82	123.83	154.03	184.77	215.16	245.61	8.0E7		SkipList-Seq-LinkedLinear-6000-rawIteration2	0.11	0.22	0.33	0.45	0.57	0.69	0.78	0.86
SkipList-Seq-LinkedLinear-12000-rawIteration0	78.5	160.77	344.29	562.33	677.25	764.41	969.25	1112.41		SkipList-Seq-LinkedLinear-12000-rawIteration0	5.03	128.03	0.039	70	0	0		SkipList-Seq-LinkedLinear-12000-rawIteration0	35.97	90.05	166.46	203.89	280.98	318.51	372.57	447.1		SkipList-Seq-LinkedLinear-12000-rawIteration0	83.76	167.32	250.6	335.73	418.71	501.98	585.52	670.92	8.0E7		SkipList-Seq-LinkedLinear-12000-rawIteration0	0.13	0.26	0.36	0.47	0.6	0.69	0.82	0.92
SkipList-Seq-LinkedLinear-12000-rawIteration1	55.47	172.69	221.33	286.48	371.08	433.4	844.88	876.25		SkipList-Seq-LinkedLinear-12000-rawIteration1	5.03	128.03	0.039	86	0	0		SkipList-Seq-LinkedLinear-12000-rawIteration1	34.25	62.4	95.64	124.12	217.4	252.27	281.03	314.29		SkipList-Seq-LinkedLinear-12000-rawIteration1	66.83	133.35	200.39	266.59	332.59	398.63	465.4	531.93	8.0E7		SkipList-Seq-LinkedLinear-12000-rawIteration1	0.12	0.23	0.34	0.45	0.56	0.67	0.78	0.87
SkipList-Seq-LinkedLinear-12000-rawIteration2	41.87	123.99	195.59	271.65	345.15	425.99	503.53	667.26		SkipList-Seq-LinkedLinear-12000-rawIteration2	5.03	128.03	0.039	88	0.001	0		SkipList-Seq-LinkedLinear-12000-rawIteration2	22	58.18	90.05	118.99	173.87	195.76	231.51	263.74		SkipList-Seq-LinkedLinear-12000-rawIteration2	53.13	106.81	160.56	213.58	267.45	321.8	376.21	429.66	8.0E7		SkipList-Seq-LinkedLinear-12000-rawIteration2	0.11	0.23	0.33	0.44	0.53	0.65	0.76	0.83
SkipList-Word-ArrayList-25-rawIteration0	0.64	0.91	1.14	3.94	13.48	21.23	32.51	41.9		SkipList-Word-ArrayList-25-rawIteration0	25.85	142.57	0.181	41546	0.072	1.156		SkipList-Word-ArrayList-25-rawIteration0	1.41	2.07	2.65	3.88	4.45	4.83	5.21	5.59		SkipList-Word-ArrayList-25-rawIteration0	3.62	6.01	8.46	10.99	13.5	16.45	19	21.36	1.60779811E8		SkipList-Word-ArrayList-25-rawIteration0	1.29	3.42	5.04	6.28	8.63	10.73	11.74	12.95
SkipList-Word-ArrayList-25-rawIteration1	0.45	0.71	0.97	2.51	9.52	14.48	19.54	21.65		SkipList-Word-ArrayList-25-rawIteration1	25.88	138.76	0.187	41605	0.112	0.928		SkipList-Word-ArrayList-25-rawIteration1	1.37	2.02	2.62	3.15	3.7	4.08	4.48	4.87		SkipList-Word-ArrayList-25-rawIteration1	3.33	5.62	7.9	10.28	12.59	15.46	17.83	20.06	1.60779811E8		SkipList-Word-ArrayList-25-rawIteration1	2.19	3.42	5.02	6.36	9.18	11.13	13.19	14.23
SkipList-Word-ArrayList-25-rawIteration2	0.23	0.46	0.7	2.22	7.75	13.05	17.6	22.05		SkipList-Word-ArrayList-25-rawIteration2	25.94	141.36	0.184	41730	0.113	0.898		SkipList-Word-ArrayList-25-rawIteration2	1.38	2.03	2.61	3.16	3.73	4.1	4.48	4.86		SkipList-Word-ArrayList-25-rawIteration2	3.47	5.78	8.12	10.5	12.87	15.75	18.14	20.36	1.60779811E8		SkipList-Word-ArrayList-25-rawIteration2	1.22	3.04	4.61	6.07	8.29	10.01	11.02	12.19
SkipList-Word-ArrayList-50-rawIteration0	0.19	0.39	0.59	1.73	4.45	8.16	10.28	13.54		SkipList-Word-ArrayList-50-rawIteration0	16.06	131.67	0.122	20534	0.127	0.805		SkipList-Word-ArrayList-50-rawIteration0	1.13	1.66	2.16	2.63	3.19	3.69	4.14	4.56		SkipList-Word-ArrayList-50-rawIteration0	2.57	4.49	6.44	8.32	10.35	12.68	14.66	16.54	1.60779811E8		SkipList-Word-ArrayList-50-rawIteration0	0.68	1.35	2.08	3.09	3.78	4.34	4.89	5.58
SkipList-Word-ArrayList-50-rawIteration1	0.22	0.43	0.63	1.45	4.79	7.85	10.37	12.4		SkipList-Word-ArrayList-50-rawIteration1	16.02	129.7	0.124	20451	0.136	0.781		SkipList-Word-ArrayList-50-rawIteration1	1.1	1.63	2.11	2.58	3.13	3.62	4.04	4.47		SkipList-Word-ArrayList-50-rawIteration1	2.53	4.47	6.32	8.33	10.18	12.61	14.44	16.42	1.60779811E8		SkipList-Word-ArrayList-50-rawIteration1	0.7	1.39	2.09	2.75	3.43	4.67	5.23	5.77
SkipList-Word-ArrayList-50-rawIteration2	0.17	0.35	0.56	1.33	4.16	7.33	9.31	10.41		SkipList-Word-ArrayList-50-rawIteration2	15.94	128.59	0.124	20286	0.165	0.907		SkipList-Word-ArrayList-50-rawIteration2	1.13	1.7	2.23	2.77	3.32	3.8	4.27	4.74		SkipList-Word-ArrayList-50-rawIteration2	2.56	4.56	6.46	8.57	10.5	12.99	14.94	16.93	1.60779811E8		SkipList-Word-ArrayList-50-rawIteration2	1.07	1.77	2.72	3.43	4.1	4.72	5.25	5.96
SkipList-Word-ArrayList-100-rawIteration0	0.15	0.31	0.46	0.69	2.46	4.02	5.55	7.38		SkipList-Word-ArrayList-100-rawIteration0	11.07	120.13	0.092	10049	0.186	0.795		SkipList-Word-ArrayList-100-rawIteration0	0.94	1.45	1.98	2.49	3.1	3.68	4.15	4.62		SkipList-Word-ArrayList-100-rawIteration0	2.52	4.59	6.59	8.84	10.8	13.5	15.69	17.65	1.60779811E8		SkipList-Word-ArrayList-100-rawIteration0	0.4	0.81	1.21	1.6	2.01	2.35	2.67	3.08
SkipList-Word-ArrayList-100-rawIteration1	0.16	0.34	0.52	1.05	2.91	4.94	6.18	7.1		SkipList-Word-ArrayList-100-rawIteration1	11.16	120.03	0.093	10216	0.195	0.549		SkipList-Word-ArrayList-100-rawIteration1	0.98	1.53	2.1	2.66	3.29	3.83	4.32	4.83		SkipList-Word-ArrayList-100-rawIteration1	2.46	4.53	6.53	8.81	10.96	13.8	15.94	18.07	1.60779811E8		SkipList-Word-ArrayList-100-rawIteration1	0.43	0.88	1.33	1.76	2.19	2.59	2.91	3.23
SkipList-Word-ArrayList-100-rawIteration2	0.15	0.31	0.55	1.21	2.78	4.94	6.15	7.07		SkipList-Word-ArrayList-100-rawIteration2	11.06	129.55	0.085	10019	0.203	0.578		SkipList-Word-ArrayList-100-rawIteration2	0.93	1.43	1.95	2.46	3.06	3.59	4.03	4.52		SkipList-Word-ArrayList-100-rawIteration2	2.44	4.43	6.42	8.66	10.63	13.31	15.47	17.45	1.60779811E8		SkipList-Word-ArrayList-100-rawIteration2	0.42	0.82	1.37	1.78	2.18	2.53	2.84	3.18
SkipList-Word-Treap-25-rawIteration0	0.39	0.65	1.68	3.81	8.98	13.46	19.59	21.9		SkipList-Word-Treap-25-rawIteration0	22.31	207.21	0.108	41471	0.122	0.828		SkipList-Word-Treap-25-rawIteration0	1.38	2.13	2.89	3.53	4.3	4.98	5.65	6.32		SkipList-Word-Treap-25-rawIteration0	6.91	12.26	18.25	24.46	30.68	37.72	43.37	49.2	1.60779811E8		SkipList-Word-Treap-25-rawIteration0	1.33	3.64	5.03	6.51	9.29	10.7	11.94	13.83
SkipList-Word-Treap-25-rawIteration1	0.24	0.51	1.71	3.73	9.18	14.31	19.44	21.69		SkipList-Word-Treap-25-rawIteration1	22.3	207.81	0.107	41416	0.117	0.798		SkipList-Word-Treap-25-rawIteration1	1.31	1.98	2.66	3.35	4.07	4.7	5.3	5.91		SkipList-Word-Treap-25-rawIteration1	6.77	12.09	17.85	24.02	29.65	36.58	42.18	47.72	1.60779811E8		SkipList-Word-Treap-25-rawIteration1	1.33	2.66	4.13	5.85	7.98	11.38	12.41	13.48
SkipList-Word-Treap-25-rawIteration2	0.23	0.47	1.35	3.92	8.99	13.43	19.27	23.61		SkipList-Word-Treap-25-rawIteration2	22.34	203.07	0.11	41524	0.11	0.757		SkipList-Word-Treap-25-rawIteration2	1.3	1.96	2.66	3.33	4.06	4.69	5.28	5.89		SkipList-Word-Treap-25-rawIteration2	6.66	11.9	17.62	23.66	29.3	36.19	41.68	47.16	1.60779811E8		SkipList-Word-Treap-25-rawIteration2	1.29	3.3	4.64	6.1	7.82	9.98	11	12.26
SkipList-Word-Treap-50-rawIteration0	0.2	0.41	1.19	2.38	5.3	8.73	11.86	14.05		SkipList-Word-Treap-50-rawIteration0	14.32	193.47	0.074	20437	0.14	0.661		SkipList-Word-Treap-50-rawIteration0	1.21	1.96	2.75	3.52	4.4	5.17	5.88	6.65		SkipList-Word-Treap-50-rawIteration0	5.83	10.74	16.02	21.66	26.84	33.03	38.11	43.48	1.60779811E8		SkipList-Word-Treap-50-rawIteration0	0.76	1.51	2.36	3.16	4.32	5.19	5.75	6.49
SkipList-Word-Treap-50-rawIteration1	0.19	0.39	0.86	2.12	5.86	8.21	12.67	14.02		SkipList-Word-Treap-50-rawIteration1	14.24	190.8	0.075	20228	0.16	0.646		SkipList-Word-Treap-50-rawIteration1	1.22	1.97	2.77	3.54	4.45	5.26	6.03	6.8		SkipList-Word-Treap-50-rawIteration1	5.85	10.72	16.42	21.88	27.3	33.32	38.77	43.79	1.60779811E8		SkipList-Word-Treap-50-rawIteration1	0.71	1.55	2.58	3.36	4.43	5.27	5.84	6.41
SkipList-Word-Treap-50-rawIteration2	0.2	0.41	0.88	2.37	5.92	9.02	12.98	14.6		SkipList-Word-Treap-50-rawIteration2	14.29	188.68	0.076	20378	0.138	0.634		SkipList-Word-Treap-50-rawIteration2	1.19	1.94	2.76	3.51	4.42	5.19	5.93	6.67		SkipList-Word-Treap-50-rawIteration2	5.79	10.63	16.1	21.74	27.29	33.12	38.39	43.39	1.60779811E8		SkipList-Word-Treap-50-rawIteration2	0.72	1.46	2.23	2.99	3.98	4.82	5.9	6.64
SkipList-Word-Treap-100-rawIteration0	0.16	0.31	0.59	1.42	3.12	4.99	8.24	9.3		SkipList-Word-Treap-100-rawIteration0	10.29	177.52	0.058	10139	0.2	0.555		SkipList-Word-Treap-100-rawIteration0	1.57	2.71	3.98	5.15	6.61	7.85	9.13	10.37		SkipList-Word-Treap-100-rawIteration0	6.63	12.58	19.05	25.73	32.51	48.02	74.02	83.06	1.60779811E8		SkipList-Word-Treap-100-rawIteration0	0.78	1.76	2.89	4.38	5.5	6.31	6.64	7.04
SkipList-Word-Treap-100-rawIteration1	0.16	0.32	0.74	1.44	3.46	5.14	8.17	9.14		SkipList-Word-Treap-100-rawIteration1	10.26	182.77	0.056	10064	0.18	0.554		SkipList-Word-Treap-100-rawIteration1	1.56	2.73	4.05	5.39	7.09	8.41	9.91	11.22		SkipList-Word-Treap-100-rawIteration1	6.73	12.74	19.18	25.97	32.29	39.65	45.9	52.19	1.60779811E8		SkipList-Word-Treap-100-rawIteration1	0.49	0.96	1.46	1.94	2.58	3.3	3.64	4.2
SkipList-Word-Treap-100-rawIteration2	0.16	0.32	0.75	1.49	3.12	5.12	8.12	9.24		SkipList-Word-Treap-100-rawIteration2	10.27	183.03	0.056	10092	0.197	0.531		SkipList-Word-Treap-100-rawIteration2	1.57	2.75	3.98	5.22	6.78	8.04	9.48	10.73		SkipList-Word-Treap-100-rawIteration2	6.62	12.53	18.87	25.57	31.83	38.74	45.17	51.3	1.60779811E8		SkipList-Word-Treap-100-rawIteration2	0.47	0.95	1.42	1.91	2.57	3.22	3.64	4
SkipList-Word-RBT-25-rawIteration0	0.69	1.2	3.18	5.64	12.26	16.18	33.16	51.1		SkipList-Word-RBT-25-rawIteration0	23.54	230.91	0.102	41861	0.054	0.934		SkipList-Word-RBT-25-rawIteration0	1.42	2.17	2.93	3.55	4.35	5.07	5.72	6.36		SkipList-Word-RBT-25-rawIteration0	7.02	12.57	18.55	24.55	30.48	37.59	43.16	48.9	1.60779811E8		SkipList-Word-RBT-25-rawIteration0	1.4	2.78	4.95	6.31	8.04	11.31	13.27	15.66
SkipList-Word-RBT-25-rawIteration1	0.29	0.61	2.47	4.71	11.38	18.21	24.62	27.35		SkipList-Word-RBT-25-rawIteration1	23.58	221.56	0.106	41948	0.104	0.945		SkipList-Word-RBT-25-rawIteration1	1.41	2.16	2.94	3.64	4.41	5.12	5.77	6.48		SkipList-Word-RBT-25-rawIteration1	6.95	12.33	18.33	24.54	30.43	37.52	43.12	48.91	1.60779811E8		SkipList-Word-RBT-25-rawIteration1	1.34	2.69	5.47	7.72	10.26	11.72	13.2	15.58
SkipList-Word-RBT-25-rawIteration2	0.25	0.52	1.61	4.45	9.2	13.59	19.45	23.23		SkipList-Word-RBT-25-rawIteration2	23.41	217.35	0.108	41518	0.115	0.739		SkipList-Word-RBT-25-rawIteration2	1.39	2.1	2.86	3.58	4.35	5.01	5.62	6.3		SkipList-Word-RBT-25-rawIteration2	6.82	12.2	18.32	24.59	30.42	37.53	43.15	48.99	1.60779811E8		SkipList-Word-RBT-25-rawIteration2	1.3	3.37	5.19	6.64	9.16	11.9	13.74	14.81
SkipList-Word-RBT-50-rawIteration0	0.22	0.47	1.26	2.49	5.34	8.29	12.59	14.11		SkipList-Word-RBT-50-rawIteration0	14.83	207.96	0.071	20420	0.134	0.633		SkipList-Word-RBT-50-rawIteration0	1.27	2.09	2.97	3.82	4.76	5.59	6.36	7.15		SkipList-Word-RBT-50-rawIteration0	6	11.18	16.98	22.74	28.37	34.74	39.93	45.4	1.60779811E8		SkipList-Word-RBT-50-rawIteration0	0.77	1.56	2.47	3.23	4.39	5.31	6.44	7.02
SkipList-Word-RBT-50-rawIteration1	0.19	0.4	0.97	2.29	5.03	8.56	11.7	13.72		SkipList-Word-RBT-50-rawIteration1	14.63	203.03	0.072	19959	0.161	0.642		SkipList-Word-RBT-50-rawIteration1	1.29	2.12	3.05	3.83	4.8	5.73	6.51	7.36		SkipList-Word-RBT-50-rawIteration1	6.26	12.08	17.78	23.68	29.41	35.88	41.46	46.8	1.60779811E8		SkipList-Word-RBT-50-rawIteration1	0.74	1.5	2.37	3.13	4.76	5.64	6.83	7.4
SkipList-Word-RBT-50-rawIteration2	0.22	0.66	1.61	2.86	5.71	8.96	12.14	14.43		SkipList-Word-RBT-50-rawIteration2	14.75	216.2	0.068	20247	0.157	0.655		SkipList-Word-RBT-50-rawIteration2	1.26	2.12	3.01	3.78	4.74	5.56	6.32	7.14		SkipList-Word-RBT-50-rawIteration2	5.98	11.37	17.17	23.01	28.74	35.24	40.55	46.04	1.60779811E8		SkipList-Word-RBT-50-rawIteration2	0.72	1.48	2.47	3.36	4.85	6.44	7	7.61
SkipList-Word-RBT-100-rawIteration0	0.2	0.4	0.86	1.7	4.02	5.75	8.25	9.45		SkipList-Word-RBT-100-rawIteration0	10.45	191.06	0.055	9932	0.188	0.52		SkipList-Word-RBT-100-rawIteration0	1.71	3.04	4.38	5.72	7.29	8.84	10.44	11.82		SkipList-Word-RBT-100-rawIteration0	7.2	13.98	20.84	28.05	35.15	42.87	49.36	55.99	1.60779811E8		SkipList-Word-RBT-100-rawIteration0	0.49	1.01	1.65	2.15	2.82	3.44	3.79	4.15
SkipList-Word-RBT-100-rawIteration1	0.18	0.39	0.95	1.86	3.41	5.31	8.1	9.69		SkipList-Word-RBT-100-rawIteration1	10.44	198.51	0.053	9906	0.182	0.552		SkipList-Word-RBT-100-rawIteration1	1.79	3.1	4.5	5.85	7.55	9.24	10.5	12.14		SkipList-Word-RBT-100-rawIteration1	6.99	13.54	20.39	27.45	34.51	42.16	48.51	55.1	1.60779811E8		SkipList-Word-RBT-100-rawIteration1	0.47	0.97	1.45	2.05	2.73	3.48	3.83	4.19
SkipList-Word-RBT-100-rawIteration2	0.17	0.4	1.12	2.22	3.73	5.42	8.09	9.31		SkipList-Word-RBT-100-rawIteration2	10.52	199.44	0.053	10094	0.19	0.627		SkipList-Word-RBT-100-rawIteration2	1.61	2.83	4.19	5.55	7.2	8.49	10.04	11.46		SkipList-Word-RBT-100-rawIteration2	6.91	13.43	20.17	27.3	34.29	41.87	48.37	54.89	1.60779811E8		SkipList-Word-RBT-100-rawIteration2	0.45	0.91	1.39	1.86	2.54	3.25	3.61	3.98
SkipList-Word-LinkedLinear-25-rawIteration0	0.51	1.01	2.13	4.81	10.93	16.23	22.13	24.59		SkipList-Word-LinkedLinear-25-rawIteration0	25.07	187.35	0.134	41307	0.105	0.784		SkipList-Word-LinkedLinear-25-rawIteration0	1.65	2.57	3.43	4.13	4.93	5.66	6.4	7.12		SkipList-Word-LinkedLinear-25-rawIteration0	5.7	10.05	14.66	19.66	24.3	30	34.55	39.04	1.60779811E8		SkipList-Word-LinkedLinear-25-rawIteration0	2.18	3.82	5.43	8.46	10.56	12.48	13.92	15.03
SkipList-Word-LinkedLinear-25-rawIteration1	0.44	0.92	1.82	4.26	10.31	15.02	22.16	27.59		SkipList-Word-LinkedLinear-25-rawIteration1	25.19	185.25	0.136	41580	0.093	0.727		SkipList-Word-LinkedLinear-25-rawIteration1	1.76	2.66	3.53	4.41	5.19	5.91	6.61	7.3		SkipList-Word-LinkedLinear-25-rawIteration1	5.76	10.12	14.74	19.61	24.26	29.94	34.48	38.99	1.60779811E8		SkipList-Word-LinkedLinear-25-rawIteration1	1.43	3.32	5.46	6.9	8.43	10.97	12.76	14.89
SkipList-Word-LinkedLinear-25-rawIteration2	0.47	1	2.03	4.47	9.82	14.51	20.16	24.62		SkipList-Word-LinkedLinear-25-rawIteration2	25.16	186.87	0.135	41526	0.108	0.698		SkipList-Word-LinkedLinear-25-rawIteration2	1.72	2.67	3.6	4.43	5.28	6.08	6.82	7.62		SkipList-Word-LinkedLinear-25-rawIteration2	5.99	10.37	15.01	19.91	24.56	30.32	35.07	39.6	1.60779811E8		SkipList-Word-LinkedLinear-25-rawIteration2	1.47	3.01	4.61	6.94	8.52	9.82	11.74	13.3
SkipList-Word-LinkedLinear-50-rawIteration0	0.53	1.09	1.98	3.68	7.22	10.03	13.84	16.58		SkipList-Word-LinkedLinear-50-rawIteration0	15.63	173.86	0.09	20352	0.113	0.568		SkipList-Word-LinkedLinear-50-rawIteration0	1.65	2.79	3.98	5.07	6.15	7.15	8.07	9.07		SkipList-Word-LinkedLinear-50-rawIteration0	5.29	9.5	14.11	18.82	23.37	28.59	33.15	37.55	1.60779811E8		SkipList-Word-LinkedLinear-50-rawIteration0	0.95	1.95	2.96	4	5.09	5.93	6.59	7.47
SkipList-Word-LinkedLinear-50-rawIteration1	0.56	1.11	1.84	3.62	7.39	11.29	15.4	17.19		SkipList-Word-LinkedLinear-50-rawIteration1	15.64	169.12	0.092	20384	0.117	0.555		SkipList-Word-LinkedLinear-50-rawIteration1	1.64	2.78	3.96	5.16	6.23	7.2	8.1	9.11		SkipList-Word-LinkedLinear-50-rawIteration1	5.19	9.4	13.94	18.6	23.19	28.48	32.83	37.23	1.60779811E8		SkipList-Word-LinkedLinear-50-rawIteration1	0.95	2.24	3.31	4.26	5.28	6.23	7.08	7.9
SkipList-Word-LinkedLinear-50-rawIteration2	0.54	1.13	1.99	3.75	7.24	10.73	14.72	16.54		SkipList-Word-LinkedLinear-50-rawIteration2	15.71	175.96	0.089	20514	0.121	0.609		SkipList-Word-LinkedLinear-50-rawIteration2	1.71	2.85	4.02	5.12	6.17	7.15	8.05	8.99		SkipList-Word-LinkedLinear-50-rawIteration2	5.21	9.49	14.11	18.81	23.37	28.66	33.27	37.71	1.60779811E8		SkipList-Word-LinkedLinear-50-rawIteration2	0.95	2.14	3.25	4.32	5.4	6.23	6.86	7.7
SkipList-Word-LinkedLinear-100-rawIteration0	0.84	1.64	2.61	4.32	6.92	9.36	13.48	15.09		SkipList-Word-LinkedLinear-100-rawIteration0	10.89	161.68	0.067	10014	0.13	0.365		SkipList-Word-LinkedLinear-100-rawIteration0	2.27	4.12	6.05	7.59	9.33	10.94	12.41	13.99		SkipList-Word-LinkedLinear-100-rawIteration0	5.87	11.09	17.02	22.6	28.42	34.79	40.38	45.67	1.60779811E8		SkipList-Word-LinkedLinear-100-rawIteration0	0.81	1.61	2.44	3.26	4.26	5.03	5.5	6.07
SkipList-Word-LinkedLinear-100-rawIteration1	0.82	1.52	2.62	4.2	6.52	9.06	12.4	14.43		SkipList-Word-LinkedLinear-100-rawIteration1	10.9	159.18	0.068	10052	0.124	0.347		SkipList-Word-LinkedLinear-100-rawIteration1	2.17	3.94	5.63	7.14	9.02	10.57	12	13.66		SkipList-Word-LinkedLinear-100-rawIteration1	6.13	11.75	17.43	23.36	29.2	35.79	41.21	46.87	1.60779811E8		SkipList-Word-LinkedLinear-100-rawIteration1	0.85	1.72	2.53	3.34	4.28	5.18	5.72	6.49
SkipList-Word-LinkedLinear-100-rawIteration2	0.77	1.73	2.74	4.23	7.14	9.61	12.55	14.56		SkipList-Word-LinkedLinear-100-rawIteration2	10.96	161.53	0.068	10183	0.131	0.403		SkipList-Word-LinkedLinear-100-rawIteration2	2.28	4.01	5.53	6.99	8.69	10.23	11.79	13.25		SkipList-Word-LinkedLinear-100-rawIteration2	5.78	11.24	16.7	22.54	28.23	34.69	39.91	45.51	1.60779811E8		SkipList-Word-LinkedLinear-100-rawIteration2	0.84	1.69	2.56	3.46	4.34	5.36	5.86	6.53
SkipList-Rand-ArrayList-25-rawIteration0	0.4	0.88	1.39	3.47	18.49	48.67	114.15	265.43		SkipList-Rand-ArrayList-25-rawIteration0	26.44	120.01	0.22	41341	0.042	0.927		SkipList-Rand-ArrayList-25-rawIteration0	20.65	31.36	42.73	53.44	64.28	75.26	86.81	97.89		SkipList-Rand-ArrayList-25-rawIteration0	11.99	23.92	35.99	48.02	60.48	72.54	84.77	97.26	1569299		SkipList-Rand-ArrayList-25-rawIteration0	31.05	69.17	101.14	132.1	151.37	154.08	158.76	160.32
SkipList-Rand-ArrayList-25-rawIteration1	0.41	0.87	1.41	3.48	16.72	45.28	82.92	135.22		SkipList-Rand-ArrayList-25-rawIteration1	26.66	120.47	0.221	41834	0.075	0.903		SkipList-Rand-ArrayList-25-rawIteration1	29.81	40.52	51.48	62.59	73.55	84.46	95.61	106.55		SkipList-Rand-ArrayList-25-rawIteration1	12.55	24.51	36.68	48.69	60.62	72.85	84.92	96.94	1568509		SkipList-Rand-ArrayList-25-rawIteration1	26.05	63.14	102.01	120.62	140.77	147.45	148.68	149.81
SkipList-Rand-ArrayList-25-rawIteration2	0.39	0.9	1.48	3.83	17.47	50.05	91.73	146.96		SkipList-Rand-ArrayList-25-rawIteration2	26.53	120.03	0.221	41549	0.068	0.793		SkipList-Rand-ArrayList-25-rawIteration2	11.25	22.35	33.8	45	56.19	67.44	78.45	89.47		SkipList-Rand-ArrayList-25-rawIteration2	11.94	23.91	36.28	48.29	60.29	72.26	84.47	96.58	1569303		SkipList-Rand-ArrayList-25-rawIteration2	34.15	69.44	95	118.84	132.83	135.69	137.01	138.25
SkipList-Rand-ArrayList-50-rawIteration0	0.31	0.73	1.18	1.74	8.04	27.61	56.43	95.33		SkipList-Rand-ArrayList-50-rawIteration0	16.79	106.01	0.158	20455	0.102	0.662		SkipList-Rand-ArrayList-50-rawIteration0	11.75	23.1	34.65	46.05	57.53	68.95	80.58	92.08		SkipList-Rand-ArrayList-50-rawIteration0	11.45	23.38	35.18	47.07	58.58	70.48	82.64	94.08	1569299		SkipList-Rand-ArrayList-50-rawIteration0	22.89	44.08	61.53	75.52	81.25	83.66	84.75	85.43
SkipList-Rand-ArrayList-50-rawIteration1	0.3	0.73	1.17	1.77	8.76	27.77	56.18	90.21		SkipList-Rand-ArrayList-50-rawIteration1	16.77	106.11	0.158	20390	0.105	0.669		SkipList-Rand-ArrayList-50-rawIteration1	11.47	23.7	36.74	48.28	59.83	71.34	83.12	94.65		SkipList-Rand-ArrayList-50-rawIteration1	11.66	23.93	35.81	47.57	59.06	70.92	82.85	94.6	1568509		SkipList-Rand-ArrayList-50-rawIteration1	21.03	45.55	68.76	81.6	87.69	89.1	89.8	90.55
SkipList-Rand-ArrayList-50-rawIteration2	0.31	0.72	1.18	1.76	8.26	26.25	57.16	92.41		SkipList-Rand-ArrayList-50-rawIteration2	16.74	106.19	0.158	20332	0.101	0.689		SkipList-Rand-ArrayList-50-rawIteration2	12.09	23.57	35	46.69	58.11	69.55	81.21	92.67		SkipList-Rand-ArrayList-50-rawIteration2	11.5	23.27	35.16	46.95	58.63	70.52	82.23	94.11	1569303		SkipList-Rand-ArrayList-50-rawIteration2	21.31	48.28	68.49	81.34	88.4	91.34	92.16	92.87
SkipList-Rand-ArrayList-100-rawIteration0	0.27	0.63	1	1.45	5.23	19.8	45.6	76.97		SkipList-Rand-ArrayList-100-rawIteration0	11.93	98.06	0.122	10036	0.149	0.571		SkipList-Rand-ArrayList-100-rawIteration0	14.64	28.19	41.65	55.58	68.91	82.61	96.07	109.54		SkipList-Rand-ArrayList-100-rawIteration0	12.72	25.96	39.23	52.56	65.96	78.96	92.29	105.66	1569299		SkipList-Rand-ArrayList-100-rawIteration0	21.65	46.55	63.83	75.18	78.81	79.42	79.88	80.35
SkipList-Rand-ArrayList-100-rawIteration1	0.28	0.66	1.08	1.51	5.5	19.56	45.69	77.72		SkipList-Rand-ArrayList-100-rawIteration1	12	98.27	0.122	10180	0.146	0.561		SkipList-Rand-ArrayList-100-rawIteration1	12.95	26.84	40.32	54.23	67.41	81.02	95.04	108.57		SkipList-Rand-ArrayList-100-rawIteration1	12.91	25.79	38.97	52.14	65.32	78.78	91.62	104.92	1568509		SkipList-Rand-ArrayList-100-rawIteration1	23.19	45.48	63.04	75.57	80.13	80.66	81.13	81.64
SkipList-Rand-ArrayList-100-rawIteration2	0.31	0.65	1.01	1.41	5.02	19.1	45.7	79.89		SkipList-Rand-ArrayList-100-rawIteration2	11.93	98.18	0.122	10041	0.147	0.589		SkipList-Rand-ArrayList-100-rawIteration2	13.38	26.71	40.58	54.5	68.2	81.58	94.98	108.47		SkipList-Rand-ArrayList-100-rawIteration2	12.69	25.93	39.16	52.69	65.58	78.88	92.31	105.35	1569303		SkipList-Rand-ArrayList-100-rawIteration2	22.4	47.19	67.55	78.51	81.8	82.5	82.98	83.44
SkipList-Rand-Treap-25-rawIteration0	0.48	1.07	3.74	20.4	53.93	102.63	158.7	230.72		SkipList-Rand-Treap-25-rawIteration0	22.95	180.9	0.127	41458	0.07	0.742		SkipList-Rand-Treap-25-rawIteration0	14.19	28.69	43.19	57.96	72.4	87.13	101.89	116.5		SkipList-Rand-Treap-25-rawIteration0	15.03	30.16	45.3	60.49	76.14	91.54	106.69	121.86	1569299		SkipList-Rand-Treap-25-rawIteration0	32.93	78.19	119.39	160.29	204.71	231.79	242.45	244.09
SkipList-Rand-Treap-25-rawIteration1	0.52	1.16	4.45	21.59	56.02	100.18	154.04	216.92		SkipList-Rand-Treap-25-rawIteration1	22.99	181.87	0.126	41552	0.074	0.742		SkipList-Rand-Treap-25-rawIteration1	15.14	30.18	44.78	59.79	74.32	89.99	104.55	119.1		SkipList-Rand-Treap-25-rawIteration1	15.01	30.8	46.02	61.24	76.51	91.84	107.07	122.49	1568509		SkipList-Rand-Treap-25-rawIteration1	37.15	81.87	115.69	167.39	195.68	217.33	227.99	233.16
SkipList-Rand-Treap-25-rawIteration2	0.48	1.06	3.85	20.35	50.25	95.36	153.49	205.46		SkipList-Rand-Treap-25-rawIteration2	22.96	181.08	0.127	41491	0.078	0.716		SkipList-Rand-Treap-25-rawIteration2	14.41	28.62	43.34	58.56	73.11	88.12	102.68	117.19		SkipList-Rand-Treap-25-rawIteration2	15.15	30.36	45.67	60.87	76.1	91.45	106.68	121.89	1569303		SkipList-Rand-Treap-25-rawIteration2	36.58	81.59	122.35	166.33	204.52	226.5	236.37	244.61
SkipList-Rand-Treap-50-rawIteration0	0.4	0.92	2.75	15.23	42.79	79.09	123.35	172.42		SkipList-Rand-Treap-50-rawIteration0	15.07	165.3	0.091	20448	0.11	0.627		SkipList-Rand-Treap-50-rawIteration0	16.59	32.93	49.14	65.67	82.25	98.78	115.26	131.47		SkipList-Rand-Treap-50-rawIteration0	15.83	31.91	47.86	63.88	79.9	95.88	112	127.9	1569299		SkipList-Rand-Treap-50-rawIteration0	34.37	69.2	102.12	133.76	158.88	177.59	185.13	188.22
SkipList-Rand-Treap-50-rawIteration1	0.38	0.91	2.23	14.33	45.16	81	125.93	179.91		SkipList-Rand-Treap-50-rawIteration1	15.03	164.85	0.091	20338	0.11	0.653		SkipList-Rand-Treap-50-rawIteration1	16.09	32.98	49.57	66.45	83.27	100.05	116.45	133.3		SkipList-Rand-Treap-50-rawIteration1	16.08	32.4	48.83	65.22	81.51	97.87	114.22	130.57	1568509		SkipList-Rand-Treap-50-rawIteration1	33.69	67.01	99.07	128.88	156.81	173.57	181.7	182.54
SkipList-Rand-Treap-50-rawIteration2	0.44	1.07	3.18	17.62	44.64	84.24	128.44	179.29		SkipList-Rand-Treap-50-rawIteration2	15.17	165.85	0.091	20712	0.108	0.646		SkipList-Rand-Treap-50-rawIteration2	16.04	32.86	49.59	66.38	83.18	100.09	116.95	133.82		SkipList-Rand-Treap-50-rawIteration2	15.94	32.03	48.4	64.76	81.33	98.03	114.58	131	1569303		SkipList-Rand-Treap-50-rawIteration2	35.25	70.11	100.68	135.61	162.55	182.04	189.12	192.03
SkipList-Rand-Treap-100-rawIteration0	0.35	0.81	1.75	12.82	35.58	67.85	109.41	161.65		SkipList-Rand-Treap-100-rawIteration0	11.13	153.8	0.072	10147	0.173	0.521		SkipList-Rand-Treap-100-rawIteration0	20.01	41.37	62.57	83.76	104.67	125.2	146.28	166.92		SkipList-Rand-Treap-100-rawIteration0	18.94	38.27	58.09	77.48	97.07	116.4	135.53	154.65	1569299		SkipList-Rand-Treap-100-rawIteration0	33.4	70.32	102.44	128.46	150.56	163.47	167.81	168.41
SkipList-Rand-Treap-100-rawIteration1	0.43	0.99	2.01	12.82	36.72	70.5	113.41	159.86		SkipList-Rand-Treap-100-rawIteration1	11.08	154.08	0.072	10007	0.176	0.525		SkipList-Rand-Treap-100-rawIteration1	19.87	40.88	62.36	83.14	104.31	125.09	146.74	167.77		SkipList-Rand-Treap-100-rawIteration1	18.92	38.48	58.58	77.76	97.37	116.82	136.19	156.3	1568509		SkipList-Rand-Treap-100-rawIteration1	37.35	71.57	101.99	129.01	150.33	164.73	168.33	168.92
SkipList-Rand-Treap-100-rawIteration2	0.4	0.92	1.87	12.55	35.44	66.83	108.8	157.22		SkipList-Rand-Treap-100-rawIteration2	11.13	154.8	0.072	10144	0.183	0.511		SkipList-Rand-Treap-100-rawIteration2	20.2	41.4	62.63	83.31	105.13	126.35	147.69	168.77		SkipList-Rand-Treap-100-rawIteration2	19.05	38.87	58.27	78.06	97.78	117.16	136.52	155.86	1569303		SkipList-Rand-Treap-100-rawIteration2	36.61	69.78	101.36	129.04	150.7	165.13	168.89	169.59
SkipList-Rand-RBT-25-rawIteration0	0.44	0.99	6.11	27.01	61.85	111.03	162.49	221.42		SkipList-Rand-RBT-25-rawIteration0	24.21	198.66	0.122	41900	0.081	0.716		SkipList-Rand-RBT-25-rawIteration0	32.35	48.18	63.03	78.19	92.93	108.25	123.02	138.22		SkipList-Rand-RBT-25-rawIteration0	15.23	30.67	46.13	61.62	77.49	93	108.42	123.88	1569299		SkipList-Rand-RBT-25-rawIteration0	34.59	86.62	138.91	176.39	213.88	241.19	259.86	267.11
SkipList-Rand-RBT-25-rawIteration1	0.44	1.02	5.97	25.41	60.25	106.56	164.76	231.94		SkipList-Rand-RBT-25-rawIteration1	24.17	198.49	0.122	41810	0.077	0.749		SkipList-Rand-RBT-25-rawIteration1	14.53	29.35	44.2	58.83	73.77	88.69	103.76	118.55		SkipList-Rand-RBT-25-rawIteration1	15.14	30.48	45.88	61.24	76.64	92.5	107.96	123.38	1568509		SkipList-Rand-RBT-25-rawIteration1	40.63	79.7	120.43	156.67	187.63	215.48	234.6	239.83
SkipList-Rand-RBT-25-rawIteration2	0.44	0.98	6.46	26.43	60.38	105.32	165.87	228.35		SkipList-Rand-RBT-25-rawIteration2	24.02	198.62	0.121	41448	0.078	0.706		SkipList-Rand-RBT-25-rawIteration2	14.66	29.34	44.18	59.12	74.1	89.17	104.27	119.01		SkipList-Rand-RBT-25-rawIteration2	15.21	30.56	46.06	61.9	77.54	93.71	109.17	124.58	1569303		SkipList-Rand-RBT-25-rawIteration2	38.6	81.45	125.43	157.06	195.72	225.16	243.52	245.27
SkipList-Rand-RBT-50-rawIteration0	0.42	0.96	4.1	19.55	47.68	85.18	129.22	177.87		SkipList-Rand-RBT-50-rawIteration0	15.6	179.39	0.087	20487	0.124	0.615		SkipList-Rand-RBT-50-rawIteration0	15.38	31.96	48.43	65.42	82.3	99.08	115.68	132.01		SkipList-Rand-RBT-50-rawIteration0	15.79	31.97	48.07	64.6	80.84	97.31	113.31	129.45	1569299		SkipList-Rand-RBT-50-rawIteration0	32.83	70.23	105.99	137.27	160.84	182.77	196.51	197.42
SkipList-Rand-RBT-50-rawIteration1	0.39	0.87	3.49	18.89	51.45	88.63	137.44	187.3		SkipList-Rand-RBT-50-rawIteration1	15.48	179.56	0.086	20175	0.12	0.646		SkipList-Rand-RBT-50-rawIteration1	16.25	32.9	49.88	66.15	83.08	99.88	116.53	133.21		SkipList-Rand-RBT-50-rawIteration1	16.08	32.42	48.79	65.53	81.88	99.19	115.3	131.68	1568509		SkipList-Rand-RBT-50-rawIteration1	32.39	67.97	102.19	131.41	155.76	176.44	184.78	187.45
SkipList-Rand-RBT-50-rawIteration2	0.36	0.84	3.49	19.13	47.81	86.32	131.89	183.55		SkipList-Rand-RBT-50-rawIteration2	15.52	179.72	0.086	20286	0.124	0.626		SkipList-Rand-RBT-50-rawIteration2	15.87	32.82	49.92	66.37	83.18	99.97	116.79	133.6		SkipList-Rand-RBT-50-rawIteration2	15.96	32.12	49.03	65.88	82.2	98.67	115.06	131.29	1569303		SkipList-Rand-RBT-50-rawIteration2	34.62	69.65	102.69	135.04	159.61	179.98	188.63	190.27
SkipList-Rand-RBT-100-rawIteration0	0.31	0.72	2.33	15.63	40.36	74.01	117.23	169.19		SkipList-Rand-RBT-100-rawIteration0	11.31	165.57	0.068	9975	0.199	0.504		SkipList-Rand-RBT-100-rawIteration0	21.22	42.92	64.5	86.17	107.78	129.45	150.92	173.3		SkipList-Rand-RBT-100-rawIteration0	19.82	39.44	59.48	79.34	98.85	118.93	138.92	158.39	1569299		SkipList-Rand-RBT-100-rawIteration0	35.17	68.84	102.64	132.22	154.08	169.11	174.83	175.93
SkipList-Rand-RBT-100-rawIteration1	0.31	0.72	2.37	15.78	40.45	74.04	117.18	167.93		SkipList-Rand-RBT-100-rawIteration1	11.4	165.65	0.069	10185	0.192	0.518		SkipList-Rand-RBT-100-rawIteration1	19.77	40.89	62.31	83.77	105.64	126.99	148.09	169.5		SkipList-Rand-RBT-100-rawIteration1	19.54	39.32	59.21	78.66	98.51	118.05	137.67	156.94	1568509		SkipList-Rand-RBT-100-rawIteration1	35.26	69.19	99	126.19	148.31	163.08	169.15	169.84
SkipList-Rand-RBT-100-rawIteration2	0.31	0.72	2.95	16.64	40.55	74.82	117.23	169.16		SkipList-Rand-RBT-100-rawIteration2	11.34	165.96	0.068	10028	0.192	0.51		SkipList-Rand-RBT-100-rawIteration2	20.7	42.6	64.2	85.77	107.25	128.89	150.46	171.85		SkipList-Rand-RBT-100-rawIteration2	19.61	39.5	58.78	78.79	98.9	118.46	138.6	158.32	1569303		SkipList-Rand-RBT-100-rawIteration2	33.58	67.15	99.64	126.45	147.57	162.95	169.12	169.73
SkipList-Rand-LinkedLinear-25-rawIteration0	0.82	1.92	4.1	17.73	46.14	91.44	145.02	208.77		SkipList-Rand-LinkedLinear-25-rawIteration0	25.74	165.39	0.156	41267	0.072	0.724		SkipList-Rand-LinkedLinear-25-rawIteration0	14.29	28.79	42.94	57.17	71.35	85.72	100.52	114.7		SkipList-Rand-LinkedLinear-25-rawIteration0	14.81	29.77	44.8	59.77	74.58	89.46	104.54	119.25	1569299		SkipList-Rand-LinkedLinear-25-rawIteration0	29.71	75.82	107.74	138	168.01	192.09	197.59	202.54
SkipList-Rand-LinkedLinear-25-rawIteration1	0.78	1.93	4.03	18.42	43.58	90.19	140.85	199.67		SkipList-Rand-LinkedLinear-25-rawIteration1	25.71	165.12	0.156	41204	0.072	0.736		SkipList-Rand-LinkedLinear-25-rawIteration1	14.01	27.88	42.37	56.43	70.59	84.71	99.24	113.17		SkipList-Rand-LinkedLinear-25-rawIteration1	14.9	29.92	45.01	59.7	74.73	89.77	104.91	120.02	1568509		SkipList-Rand-LinkedLinear-25-rawIteration1	31.71	77.24	115.69	158.41	187.29	207.65	214.83	216.23
SkipList-Rand-LinkedLinear-25-rawIteration2	0.8	2.05	4.56	17.88	43.04	79.23	131.33	190.79		SkipList-Rand-LinkedLinear-25-rawIteration2	25.8	164.66	0.157	41401	0.076	0.713		SkipList-Rand-LinkedLinear-25-rawIteration2	14.88	30.12	44.41	58.95	73.07	87.33	101.98	116.06		SkipList-Rand-LinkedLinear-25-rawIteration2	14.85	29.84	44.75	59.32	74.44	89.29	104.52	119.44	1569303		SkipList-Rand-LinkedLinear-25-rawIteration2	33.42	78.27	113.34	158	190.19	218.31	222.19	223.71
SkipList-Rand-LinkedLinear-50-rawIteration0	0.96	2.49	4.23	12.73	34.65	69.04	106.91	154.85		SkipList-Rand-LinkedLinear-50-rawIteration0	16.48	149.06	0.111	20495	0.104	0.591		SkipList-Rand-LinkedLinear-50-rawIteration0	16.2	31.98	47.99	63.98	79.77	95.42	111.15	126.94		SkipList-Rand-LinkedLinear-50-rawIteration0	15.28	31.22	47.1	63.02	78.11	93.74	109.44	124.95	1569299		SkipList-Rand-LinkedLinear-50-rawIteration0	28.25	55.7	80.42	109.6	131.42	144.04	146.95	149.3
SkipList-Rand-LinkedLinear-50-rawIteration1	0.97	2.53	4.39	13.25	34.5	67.65	108.91	153.5		SkipList-Rand-LinkedLinear-50-rawIteration1	16.39	149.01	0.11	20284	0.112	0.592		SkipList-Rand-LinkedLinear-50-rawIteration1	15.93	31.66	47.64	63.74	79.58	95.34	111.06	126.85		SkipList-Rand-LinkedLinear-50-rawIteration1	15.12	30.78	46.45	62.41	77.54	93.24	108.94	124.66	1568509		SkipList-Rand-LinkedLinear-50-rawIteration1	30.46	60.19	91.08	118.99	138.04	149.66	153.11	154.19
SkipList-Rand-LinkedLinear-50-rawIteration2	0.97	2.48	4.29	13.14	34.98	72.07	112.23	153.62		SkipList-Rand-LinkedLinear-50-rawIteration2	16.48	149.28	0.11	20500	0.107	0.611		SkipList-Rand-LinkedLinear-50-rawIteration2	15.68	31.56	47.39	63.72	79.33	95.6	111.45	127.32		SkipList-Rand-LinkedLinear-50-rawIteration2	15.16	30.97	46.67	62.7	77.94	93.84	109.94	125.64	1569303		SkipList-Rand-LinkedLinear-50-rawIteration2	29.25	62.12	91.21	116.93	136.99	153.18	156.83	157.93
SkipList-Rand-LinkedLinear-100-rawIteration0	1.44	3.79	6.45	14.63	34	62.33	100.69	144.92		SkipList-Rand-LinkedLinear-100-rawIteration0	11.78	137.55	0.086	10082	0.158	0.476		SkipList-Rand-LinkedLinear-100-rawIteration0	18.81	38.84	58.58	78.8	98.6	118.29	138.7	158.45		SkipList-Rand-LinkedLinear-100-rawIteration0	18.13	37.15	56.05	74.59	93.47	111.92	130.79	149.36	1569299		SkipList-Rand-LinkedLinear-100-rawIteration0	30.19	59.76	85.68	108.64	124.42	132.9	135.63	136.72
SkipList-Rand-LinkedLinear-100-rawIteration1	1.46	3.82	6.49	14.65	33.25	60.62	97.62	144.23		SkipList-Rand-LinkedLinear-100-rawIteration1	11.77	137.59	0.086	10060	0.165	0.462		SkipList-Rand-LinkedLinear-100-rawIteration1	18.83	38.76	59.07	79.14	98.91	119.07	139.09	159.48		SkipList-Rand-LinkedLinear-100-rawIteration1	18.68	37.14	56.08	74.97	93.32	112.18	130.52	149.35	1568509		SkipList-Rand-LinkedLinear-100-rawIteration1	29.99	66.58	96.54	119.12	136.84	145.03	147.3	148.43
SkipList-Rand-LinkedLinear-100-rawIteration2	1.43	3.85	6.61	14.35	33.48	61.58	98.41	142.08		SkipList-Rand-LinkedLinear-100-rawIteration2	11.78	137.64	0.086	10077	0.166	0.464		SkipList-Rand-LinkedLinear-100-rawIteration2	19.04	38.94	59.18	79.12	98.96	119.16	139.1	158.92		SkipList-Rand-LinkedLinear-100-rawIteration2	18.14	37.02	55.35	74.26	92.75	111.94	130.35	148.71	1569303		SkipList-Rand-LinkedLinear-100-rawIteration2	29.46	61.4	88.21	110.61	126.97	135.76	137.68	139.07
																																															
Insertions	125000	250000	375000	500000	625000	750000	875000	1000000		CacheStats	Disk Usage (MB)	Uncompressed Size (MB)	Compression Ratio	Parition Count	Serialization Time (%)	Disk Write Time (%)		Contains	200000	400000	600000	800000	1000000	1200000	1400000	1600000		PrefixSearches	100000	200000	300000	400000	500000	600000	700000	800000	TotalResults		Removals	93750	187500	281250	375000	468750	562500	656250	750000
SkipList-Seq-ArrayList-3000-avg	0.24	0.38	0.52	0.66	0.88	1.1	1.32	1.53		SkipList-Seq-ArrayList-3000-avg	5.16	96.13	0.05	332.33	0.31	0.07		SkipList-Seq-ArrayList-3000-avg	0.25	0.46	0.68	0.9	1.13	1.36	1.58	1.81		SkipList-Seq-ArrayList-3000-avg	4.59	9.5	14.4	19.45	24.12	28.86	33.72	38.55	8.0E7		SkipList-Seq-ArrayList-3000-avg	0.29	0.55	0.77	1.02	1.24	1.45	1.65	1.85
SkipList-Seq-ArrayList-6000-avg	0.13	0.26	0.41	0.55	0.75	0.96	1.21	1.41		SkipList-Seq-ArrayList-6000-avg	5.07	96.06	0.05	159	0.31	0.04		SkipList-Seq-ArrayList-6000-avg	0.21	0.43	0.65	0.87	1.08	1.32	1.55	1.77		SkipList-Seq-ArrayList-6000-avg	4.36	9.2	13.93	18.81	23.03	27.81	32.63	37.05	8.0E7		SkipList-Seq-ArrayList-6000-avg	0.3	0.6	0.93	1.19	1.55	1.84	2.24	2.52
SkipList-Seq-ArrayList-12000-avg	0.13	0.27	0.41	0.56	0.78	0.98	1.23	1.42		SkipList-Seq-ArrayList-12000-avg	5.04	96.04	0.05	93.33	0.33	0.02		SkipList-Seq-ArrayList-12000-avg	0.22	0.43	0.65	0.86	1.09	1.32	1.53	1.74		SkipList-Seq-ArrayList-12000-avg	4.22	9.12	13.71	18.16	22.85	27.68	32.36	36.91	8.0E7		SkipList-Seq-ArrayList-12000-avg	0.38	0.82	1.33	1.74	2.14	2.63	3.09	3.42
SkipList-Seq-Treap-3000-avg	0.27	0.38	0.53	0.73	0.94	1.17	1.36	1.55		SkipList-Seq-Treap-3000-avg	5.12	144.12	0.04	319.67	0.34	0.06		SkipList-Seq-Treap-3000-avg	0.29	0.51	0.74	0.98	1.21	1.46	1.7	1.95		SkipList-Seq-Treap-3000-avg	5.97	12.02	18.02	24.25	30.56	36.22	42.39	48.32	8.0E7		SkipList-Seq-Treap-3000-avg	0.18	0.32	0.47	0.61	0.75	0.9	1.04	1.14
SkipList-Seq-Treap-6000-avg	0.12	0.23	0.39	0.59	0.77	1	1.19	1.38		SkipList-Seq-Treap-6000-avg	5.07	144.06	0.04	169	0.35	0.04		SkipList-Seq-Treap-6000-avg	0.22	0.45	0.68	0.93	1.14	1.37	1.59	1.83		SkipList-Seq-Treap-6000-avg	5.59	11.41	17.14	23.1	28.99	34.57	40.65	46.33	8.0E7		SkipList-Seq-Treap-6000-avg	0.16	0.29	0.43	0.56	0.7	0.83	0.97	1.07
SkipList-Seq-Treap-12000-avg	0.11	0.23	0.37	0.56	0.76	0.98	1.15	1.33		SkipList-Seq-Treap-12000-avg	5.03	144.03	0.04	84.67	0.38	0.03		SkipList-Seq-Treap-12000-avg	0.22	0.45	0.67	0.91	1.12	1.35	1.57	1.81		SkipList-Seq-Treap-12000-avg	5.43	11.04	16.58	22.36	27.79	33.51	39.16	45.07	8.0E7		SkipList-Seq-Treap-12000-avg	0.14	0.27	0.41	0.54	0.67	0.81	0.94	1.06
SkipList-Seq-RBT-3000-avg	0.23	0.4	0.62	0.89	1.17	1.44	1.7	1.97		SkipList-Seq-RBT-3000-avg	5.15	152.14	0.03	359.67	0.24	0.05		SkipList-Seq-RBT-3000-avg	0.22	0.43	0.65	0.88	1.09	1.33	1.55	1.78		SkipList-Seq-RBT-3000-avg	5.42	11.08	16.57	22.3	27.95	33.58	39.08	45.06	8.0E7		SkipList-Seq-RBT-3000-avg	0.17	0.31	0.46	0.6	0.75	0.9	1.05	1.17
SkipList-Seq-RBT-6000-avg	0.17	0.36	0.57	0.84	1.11	1.39	1.64	1.89		SkipList-Seq-RBT-6000-avg	5.07	152.07	0.03	169	0.25	0.03		SkipList-Seq-RBT-6000-avg	0.21	0.44	0.66	0.89	1.1	1.31	1.53	1.75		SkipList-Seq-RBT-6000-avg	5.3	10.81	16.22	21.86	27.4	32.68	38.34	43.92	8.0E7		SkipList-Seq-RBT-6000-avg	0.15	0.3	0.44	0.6	0.74	0.88	1.03	1.16
SkipList-Seq-RBT-12000-avg	0.18	0.39	0.62	0.88	1.16	1.45	1.71	1.97		SkipList-Seq-RBT-12000-avg	5.03	152.03	0.03	90.67	0.24	0.02		SkipList-Seq-RBT-12000-avg	0.21	0.43	0.64	0.88	1.08	1.29	1.5	1.74		SkipList-Seq-RBT-12000-avg	5.3	10.8	16.25	21.91	27.51	32.81	38.48	44.13	8.0E7		SkipList-Seq-RBT-12000-avg	0.15	0.3	0.45	0.59	0.74	0.9	1.03	1.17
SkipList-Seq-LinkedLinear-3000-avg	18.06	34.6	49.31	68.23	91.23	105.67	123.88	142.81		SkipList-Seq-LinkedLinear-3000-avg	5.15	128.12	0.04	333	0	0		SkipList-Seq-LinkedLinear-3000-avg	8.67	16.93	27.7	36.15	46.18	54.72	62.93	73.67		SkipList-Seq-LinkedLinear-3000-avg	17.84	36.06	54.68	72.59	91.03	109.83	127.87	146.12	8.0E7		SkipList-Seq-LinkedLinear-3000-avg	0.13	0.25	0.36	0.48	0.6	0.71	0.82	0.91
SkipList-Seq-LinkedLinear-6000-avg	44.18	78.36	118.12	170.83	212.37	247.46	288.16	326.81		SkipList-Seq-LinkedLinear-6000-avg	5.08	128.07	0.04	175.33	0	0		SkipList-Seq-LinkedLinear-6000-avg	17.41	37.86	56.34	75.04	91	108.39	128.57	147.28		SkipList-Seq-LinkedLinear-6000-avg	30.32	61.48	92.08	122.4	153.24	184.04	215.38	245.97	8.0E7		SkipList-Seq-LinkedLinear-6000-avg	0.11	0.22	0.34	0.45	0.56	0.68	0.79	0.86
SkipList-Seq-LinkedLinear-12000-avg	58.61	152.48	253.74	373.49	464.49	541.27	772.55	885.31		SkipList-Seq-LinkedLinear-12000-avg	5.03	128.03	0.04	81.33	0	0		SkipList-Seq-LinkedLinear-12000-avg	30.74	70.21	117.38	149	224.08	255.51	295.04	341.71		SkipList-Seq-LinkedLinear-12000-avg	67.91	135.83	203.85	271.97	339.58	407.47	475.71	544.17	8.0E7		SkipList-Seq-LinkedLinear-12000-avg	0.12	0.24	0.34	0.45	0.56	0.67	0.79	0.87
SkipList-Word-ArrayList-25-avg	0.44	0.69	0.94	2.89	10.25	16.25	23.22	28.53		SkipList-Word-ArrayList-25-avg	25.89	140.9	0.18	41627	0.1	0.99		SkipList-Word-ArrayList-25-avg	1.39	2.04	2.63	3.4	3.96	4.34	4.72	5.11		SkipList-Word-ArrayList-25-avg	3.47	5.8	8.16	10.59	12.99	15.89	18.32	20.59	1.60779811E8		SkipList-Word-ArrayList-25-avg	1.57	3.29	4.89	6.24	8.7	10.62	11.98	13.12
SkipList-Word-ArrayList-50-avg	0.19	0.39	0.59	1.5	4.47	7.78	9.99	12.12		SkipList-Word-ArrayList-50-avg	16.01	129.99	0.12	20423.67	0.14	0.83		SkipList-Word-ArrayList-50-avg	1.12	1.66	2.17	2.66	3.21	3.7	4.15	4.59		SkipList-Word-ArrayList-50-avg	2.55	4.51	6.41	8.41	10.34	12.76	14.68	16.63	1.60779811E8		SkipList-Word-ArrayList-50-avg	0.82	1.5	2.3	3.09	3.77	4.58	5.12	5.77
SkipList-Word-ArrayList-100-avg	0.15	0.32	0.51	0.98	2.72	4.63	5.96	7.18		SkipList-Word-ArrayList-100-avg	11.1	123.24	0.09	10094.67	0.19	0.64		SkipList-Word-ArrayList-100-avg	0.95	1.47	2.01	2.54	3.15	3.7	4.17	4.66		SkipList-Word-ArrayList-100-avg	2.47	4.52	6.51	8.77	10.8	13.54	15.7	17.72	1.60779811E8		SkipList-Word-ArrayList-100-avg	0.42	0.84	1.3	1.71	2.13	2.49	2.81	3.16
SkipList-Word-Treap-25-avg	0.29	0.54	1.58	3.82	9.05	13.73	19.43	22.4		SkipList-Word-Treap-25-avg	22.32	206.03	0.11	41470.33	0.12	0.79		SkipList-Word-Treap-25-avg	1.33	2.02	2.74	3.4	4.14	4.79	5.41	6.04		SkipList-Word-Treap-25-avg	6.78	12.08	17.91	24.05	29.88	36.83	42.41	48.03	1.60779811E8		SkipList-Word-Treap-25-avg	1.32	3.2	4.6	6.15	8.36	10.69	11.78	13.19
SkipList-Word-Treap-50-avg	0.2	0.4	0.98	2.29	5.69	8.65	12.5	14.22		SkipList-Word-Treap-50-avg	14.28	190.98	0.08	20347.67	0.15	0.65		SkipList-Word-Treap-50-avg	1.21	1.96	2.76	3.52	4.42	5.21	5.95	6.71		SkipList-Word-Treap-50-avg	5.82	10.7	16.18	21.76	27.14	33.16	38.42	43.55	1.60779811E8		SkipList-Word-Treap-50-avg	0.73	1.51	2.39	3.17	4.24	5.09	5.83	6.51
SkipList-Word-Treap-100-avg	0.16	0.32	0.69	1.45	3.23	5.08	8.18	9.23		SkipList-Word-Treap-100-avg	10.27	181.11	0.06	10098.33	0.19	0.55		SkipList-Word-Treap-100-avg	1.57	2.73	4	5.25	6.83	8.1	9.51	10.77		SkipList-Word-Treap-100-avg	6.66	12.62	19.03	25.76	32.21	42.14	55.03	62.18	1.60779811E8		SkipList-Word-Treap-100-avg	0.58	1.22	1.92	2.74	3.55	4.28	4.64	5.08
SkipList-Word-RBT-25-avg	0.41	0.78	2.42	4.93	10.95	15.99	25.74	33.89		SkipList-Word-RBT-25-avg	23.51	223.27	0.11	41775.67	0.09	0.87		SkipList-Word-RBT-25-avg	1.41	2.14	2.91	3.59	4.37	5.07	5.7	6.38		SkipList-Word-RBT-25-avg	6.93	12.37	18.4	24.56	30.44	37.55	43.14	48.93	1.60779811E8		SkipList-Word-RBT-25-avg	1.35	2.95	5.2	6.89	9.15	11.64	13.4	15.35
SkipList-Word-RBT-50-avg	0.21	0.51	1.28	2.55	5.36	8.6	12.14	14.09		SkipList-Word-RBT-50-avg	14.74	209.06	0.07	20208.67	0.15	0.64		SkipList-Word-RBT-50-avg	1.27	2.11	3.01	3.81	4.77	5.63	6.4	7.22		SkipList-Word-RBT-50-avg	6.08	11.54	17.31	23.14	28.84	35.29	40.65	46.08	1.60779811E8		SkipList-Word-RBT-50-avg	0.74	1.51	2.44	3.24	4.67	5.8	6.76	7.34
SkipList-Word-RBT-100-avg	0.18	0.4	0.98	1.93	3.72	5.49	8.15	9.48		SkipList-Word-RBT-100-avg	10.47	196.34	0.05	9977.33	0.19	0.57		SkipList-Word-RBT-100-avg	1.7	2.99	4.36	5.71	7.35	8.86	10.33	11.81		SkipList-Word-RBT-100-avg	7.03	13.65	20.47	27.6	34.65	42.3	48.75	55.33	1.60779811E8		SkipList-Word-RBT-100-avg	0.47	0.96	1.5	2.02	2.7	3.39	3.74	4.11
SkipList-Word-LinkedLinear-25-avg	0.47	0.98	1.99	4.51	10.35	15.25	21.48	25.6		SkipList-Word-LinkedLinear-25-avg	25.14	186.49	0.14	41471	0.1	0.74		SkipList-Word-LinkedLinear-25-avg	1.71	2.63	3.52	4.32	5.13	5.88	6.61	7.35		SkipList-Word-LinkedLinear-25-avg	5.82	10.18	14.8	19.73	24.37	30.09	34.7	39.21	1.60779811E8		SkipList-Word-LinkedLinear-25-avg	1.69	3.38	5.17	7.43	9.17	11.09	12.81	14.41
SkipList-Word-LinkedLinear-50-avg	0.54	1.11	1.94	3.68	7.28	10.68	14.65	16.77		SkipList-Word-LinkedLinear-50-avg	15.66	172.98	0.09	20416.67	0.12	0.58		SkipList-Word-LinkedLinear-50-avg	1.67	2.81	3.99	5.12	6.18	7.17	8.07	9.06		SkipList-Word-LinkedLinear-50-avg	5.23	9.46	14.05	18.74	23.31	28.58	33.08	37.5	1.60779811E8		SkipList-Word-LinkedLinear-50-avg	0.95	2.11	3.17	4.19	5.26	6.13	6.84	7.69
SkipList-Word-LinkedLinear-100-avg	0.81	1.63	2.66	4.25	6.86	9.34	12.81	14.69		SkipList-Word-LinkedLinear-100-avg	10.92	160.8	0.07	10083	0.13	0.37		SkipList-Word-LinkedLinear-100-avg	2.24	4.02	5.74	7.24	9.01	10.58	12.07	13.63		SkipList-Word-LinkedLinear-100-avg	5.93	11.36	17.05	22.83	28.62	35.09	40.5	46.02	1.60779811E8		SkipList-Word-LinkedLinear-100-avg	0.83	1.67	2.51	3.35	4.29	5.19	5.69	6.36
SkipList-Rand-ArrayList-25-avg	0.4	0.88	1.43	3.59	17.56	48	96.27	182.54		SkipList-Rand-ArrayList-25-avg	26.54	120.17	0.22	41574.67	0.06	0.87		SkipList-Rand-ArrayList-25-avg	20.57	31.41	42.67	53.68	64.67	75.72	86.96	97.97		SkipList-Rand-ArrayList-25-avg	12.16	24.11	36.32	48.33	60.46	72.55	84.72	96.93	1569037		SkipList-Rand-ArrayList-25-avg	30.42	67.25	99.38	123.85	141.66	145.74	148.15	149.46
SkipList-Rand-ArrayList-50-avg	0.31	0.73	1.18	1.76	8.35	27.21	56.59	92.65		SkipList-Rand-ArrayList-50-avg	16.77	106.1	0.16	20392.33	0.1	0.67		SkipList-Rand-ArrayList-50-avg	11.77	23.46	35.46	47.01	58.49	69.95	81.64	93.13		SkipList-Rand-ArrayList-50-avg	11.54	23.53	35.38	47.2	58.76	70.64	82.57	94.26	1569037		SkipList-Rand-ArrayList-50-avg	21.74	45.97	66.26	79.49	85.78	88.03	88.9	89.62
SkipList-Rand-ArrayList-100-avg	0.29	0.65	1.03	1.46	5.25	19.49	45.66	78.19		SkipList-Rand-ArrayList-100-avg	11.95	98.17	0.12	10085.67	0.15	0.57		SkipList-Rand-ArrayList-100-avg	13.66	27.25	40.85	54.77	68.17	81.74	95.36	108.86		SkipList-Rand-ArrayList-100-avg	12.77	25.89	39.12	52.46	65.62	78.87	92.07	105.31	1569037		SkipList-Rand-ArrayList-100-avg	22.41	46.41	64.81	76.42	80.25	80.86	81.33	81.81
SkipList-Rand-Treap-25-avg	0.49	1.1	4.01	20.78	53.4	99.39	155.41	217.7		SkipList-Rand-Treap-25-avg	22.97	181.28	0.13	41500.33	0.07	0.73		SkipList-Rand-Treap-25-avg	14.58	29.16	43.77	58.77	73.28	88.41	103.04	117.6		SkipList-Rand-Treap-25-avg	15.06	30.44	45.66	60.87	76.25	91.61	106.81	122.08	1569037		SkipList-Rand-Treap-25-avg	35.55	80.55	119.14	164.67	201.64	225.21	235.6	240.62
SkipList-Rand-Treap-50-avg	0.41	0.97	2.72	15.73	44.2	81.44	125.91	177.21		SkipList-Rand-Treap-50-avg	15.09	165.33	0.09	20499.33	0.11	0.64		SkipList-Rand-Treap-50-avg	16.24	32.92	49.43	66.17	82.9	99.64	116.22	132.86		SkipList-Rand-Treap-50-avg	15.95	32.11	48.36	64.62	80.91	97.26	113.6	129.82	1569037		SkipList-Rand-Treap-50-avg	34.44	68.77	100.62	132.75	159.41	177.73	185.32	187.6
SkipList-Rand-Treap-100-avg	0.39	0.91	1.88	12.73	35.91	68.39	110.54	159.58		SkipList-Rand-Treap-100-avg	11.11	154.23	0.07	10099.33	0.18	0.52		SkipList-Rand-Treap-100-avg	20.03	41.22	62.52	83.4	104.7	125.55	146.9	167.82		SkipList-Rand-Treap-100-avg	18.97	38.54	58.31	77.77	97.41	116.79	136.08	155.6	1569037		SkipList-Rand-Treap-100-avg	35.79	70.56	101.93	128.84	150.53	164.44	168.34	168.97
SkipList-Rand-RBT-25-avg	0.44	1	6.18	26.28	60.83	107.64	164.37	227.24		SkipList-Rand-RBT-25-avg	24.13	198.59	0.12	41719.33	0.08	0.72		SkipList-Rand-RBT-25-avg	20.51	35.62	50.47	65.38	80.27	95.37	110.35	125.26		SkipList-Rand-RBT-25-avg	15.19	30.57	46.02	61.59	77.22	93.07	108.52	123.95	1569037		SkipList-Rand-RBT-25-avg	37.94	82.59	128.26	163.37	199.08	227.28	245.99	250.74
SkipList-Rand-RBT-50-avg	0.39	0.89	3.69	19.19	48.98	86.71	132.85	182.91		SkipList-Rand-RBT-50-avg	15.53	179.56	0.09	20316	0.12	0.63		SkipList-Rand-RBT-50-avg	15.83	32.56	49.41	65.98	82.85	99.64	116.33	132.94		SkipList-Rand-RBT-50-avg	15.94	32.17	48.63	65.34	81.64	98.39	114.56	130.81	1569037		SkipList-Rand-RBT-50-avg	33.28	69.28	103.62	134.57	158.74	179.73	189.97	191.71
SkipList-Rand-RBT-100-avg	0.31	0.72	2.55	16.02	40.45	74.29	117.21	168.76		SkipList-Rand-RBT-100-avg	11.35	165.73	0.07	10062.67	0.19	0.51		SkipList-Rand-RBT-100-avg	20.56	42.14	63.67	85.24	106.89	128.44	149.82	171.55		SkipList-Rand-RBT-100-avg	19.66	39.42	59.16	78.93	98.75	118.48	138.4	157.88	1569037		SkipList-Rand-RBT-100-avg	34.67	68.39	100.43	128.29	149.99	165.05	171.03	171.83
SkipList-Rand-LinkedLinear-25-avg	0.8	1.97	4.23	18.01	44.25	86.95	139.07	199.74		SkipList-Rand-LinkedLinear-25-avg	25.75	165.06	0.16	41290.67	0.07	0.72		SkipList-Rand-LinkedLinear-25-avg	14.39	28.93	43.24	57.52	71.67	85.92	100.58	114.64		SkipList-Rand-LinkedLinear-25-avg	14.85	29.84	44.85	59.6	74.58	89.51	104.66	119.57	1569037		SkipList-Rand-LinkedLinear-25-avg	31.61	77.11	112.26	151.47	181.83	206.02	211.54	214.16
SkipList-Rand-LinkedLinear-50-avg	0.97	2.5	4.3	13.04	34.71	69.59	109.35	153.99		SkipList-Rand-LinkedLinear-50-avg	16.45	149.12	0.11	20426.33	0.11	0.6		SkipList-Rand-LinkedLinear-50-avg	15.94	31.73	47.67	63.81	79.56	95.45	111.22	127.04		SkipList-Rand-LinkedLinear-50-avg	15.19	30.99	46.74	62.71	77.86	93.61	109.44	125.08	1569037		SkipList-Rand-LinkedLinear-50-avg	29.32	59.34	87.57	115.17	135.48	148.96	152.3	153.81
SkipList-Rand-LinkedLinear-100-avg	1.44	3.82	6.52	14.54	33.58	61.51	98.91	143.74		SkipList-Rand-LinkedLinear-100-avg	11.78	137.59	0.09	10073	0.16	0.47		SkipList-Rand-LinkedLinear-100-avg	18.89	38.85	58.94	79.02	98.82	118.84	138.96	158.95		SkipList-Rand-LinkedLinear-100-avg	18.32	37.1	55.83	74.61	93.18	112.01	130.55	149.14	1569037		SkipList-Rand-LinkedLinear-100-avg	29.88	62.58	90.14	112.79	129.41	137.9	140.2	141.41
